MVP - 2X Points,UTIL,UTIL,UTIL,UTIL
65108-63115,65108-89675,65108-23045,65108-64242,65108-86687
65108-86687,65108-63115,65108-69213,65108-63791,65108-53390
65108-89675,65108-34331,65108-52436,65108-24641,65108-60977
65108-63115,65108-23045,65108-86687,65108-69213,65108-53390
65108-86687,65108-89675,65108-64242,65108-63115,65108-60977
65108-23045,65108-34331,65108-52436,65108-63791,65108-24641
65108-63115,65108-89675,65108-23045,65108-86687,65108-24641
65108-86687,65108-63115,65108-63791,65108-60977,65108-53390
65108-63115,65108-23045,65108-86687,65108-60977,65108-53390
65108-86687,65108-89675,65108-64242,65108-63115,65108-69213
65108-23045,65108-64242,65108-52436,65108-69213,65108-63791
65108-63115,65108-23045,65108-86687,65108-63791,65108-53390
65108-86687,65108-89675,65108-64242,65108-63115,65108-24641
65108-63115,65108-23045,65108-86687,65108-69213,65108-63791
65108-86687,65108-89675,65108-64242,65108-63115,65108-53390
65108-23045,65108-52436,65108-69213,65108-24641,65108-60977
65108-63115,65108-23045,65108-64242,65108-86687,65108-53390
65108-86687,65108-89675,65108-63115,65108-63791,65108-24641
65108-63115,65108-23045,65108-86687,65108-63791,65108-60977
65108-86687,65108-64242,65108-63115,65108-69213,65108-53390
