PG,PG,SG,SG,SF,SF,PF,PF,C
66117-80810,66117-18393,66117-12366,66117-14528,66117-58153,66117-110312,66117-59358,66117-16178,66117-58253
66117-20848,66117-145485,66117-84669,66117-145337,66117-85137,66117-15946,66117-41594,66117-14511,66117-15590
66117-12511,66117-9642,66117-23665,66117-12341,66117-84682,66117-84678,66117-23407,66117-23447,66117-16301
66117-80810,66117-18393,66117-85137,66117-145337,66117-14528,66117-58153,66117-59358,66117-58253,66117-15590
66117-20848,66117-145485,66117-12366,66117-84669,66117-14511,66117-110312,66117-41594,66117-16178,66117-23447
66117-20848,66117-80810,66117-12366,66117-18393,66117-14528,66117-110312,66117-16178,66117-58253,66117-15590
66117-145485,66117-84669,66117-85137,66117-145337,66117-15946,66117-58153,66117-41594,66117-14511,66117-59358
66117-80810,66117-145485,66117-85137,66117-18393,66117-12366,66117-14528,66117-41594,66117-16178,66117-59358
66117-20848,66117-84669,66117-58153,66117-145337,66117-14511,66117-110312,66117-58253,66117-23447,66117-15590
66117-80810,66117-145485,66117-14528,66117-18393,66117-58153,66117-110312,66117-16178,66117-20491,66117-59358
66117-20848,66117-84669,66117-85137,66117-145337,66117-12366,66117-15946,66117-14511,66117-58253,66117-15590
66117-84667,66117-24247,66117-12511,66117-9642,66117-15946,66117-84678,66117-23407,66117-23447,66117-16301
66117-80810,66117-18393,66117-85137,66117-145337,66117-12366,66117-14528,66117-59358,66117-20491,66117-15590
66117-20848,66117-145485,66117-58153,66117-84669,66117-15946,66117-110312,66117-14511,66117-16178,66117-58253
66117-80810,66117-145485,66117-85137,66117-18393,66117-12366,66117-14528,66117-59358,66117-16178,66117-145314
66117-20848,66117-84669,66117-23665,66117-58153,66117-15946,66117-110312,66117-14511,66117-58253,66117-15590
66117-80810,66117-18393,66117-85137,66117-145337,66117-12366,66117-14528,66117-59358,66117-9809,66117-15590
66117-20848,66117-145485,66117-84669,66117-145337,66117-58153,66117-110312,66117-14511,66117-16178,66117-55057
66117-80810,66117-18393,66117-14528,66117-145337,66117-58153,66117-110312,66117-59358,66117-81621,66117-15590
66117-20848,66117-145485,66117-85137,66117-84669,66117-12366,66117-14511,66117-16178,66117-23447,66117-55057
