player_id,stat_id,name,team,pos,salary,schedule_id,home_moneyline,away_moneyline,home_total,away_total,opp,order,rpos,partner_id
11537,408969,"Mason Crosby",GBP,K,9000.00,80296,191,-236,19.25,25.25,CHI,14B,K,6897
11547,1674148,"Ryan Succop",TBB,K,8000.00,80294,247,-305,22.75,29.75,PHI,14B,K,6767
11555,410721,"Nick Folk",NEP,K,9000.00,80292,156,-186,23.5,27,DAL,12B,K,6642
11559,1109832,"Matt Prater",ARI,K,9500.00,80298,-162,137,25.75,22.75,CLE,13B,K,6782
11601,419780,"Aaron Rodgers",GBP,QB,7700.00,80296,191,-236,19.25,25.25,CHI,1B,QB,6894
11604,187741,"Tom Brady",TBB,QB,8700.00,80294,247,-305,22.75,29.75,PHI,1B,QB,6498
11610,1250697,"Joe Flacco",PHI,QB,6100.00,80294,247,-305,22.75,29.75,TBB,,,6714
11613,1114942,"Matthew Stafford",LAR,QB,7900.00,80291,303,-387,20.25,28.25,NYG,1B,QB,6654
11615,493043,"Ben Roethlisberger",PIT,QB,7100.00,80297,-223,185,23.75,18.75,SEA,1B,QB,6589
11619,517291,"Chad Henne",KCC,QB,6000.00,80287,243,-301,23.75,30.25,WAS,,,7844
11620,584648,"Colt McCoy",ARI,QB,6000.00,80298,-162,137,25.75,22.75,CLE,,,11500
11626,547043,"Ryan Fitzpatrick",WAS,QB,6100.00,80287,243,-301,23.75,30.25,KCC,,,7659
11630,1273186,"Cam Newton",NEP,QB,6000.00,80292,156,-186,23.5,27,DAL,,,14185
11633,1125961,"Andy Dalton",CHI,QB,6400.00,80296,191,-236,19.25,25.25,GBP,,,14225
11637,1630777,"Blaine Gabbert",TBB,QB,6000.00,80294,247,-305,22.75,29.75,PHI,,,14194
11654,565754,"Chase Daniel",LAC,QB,6000.00,80293,-147,124,26.75,23.75,BAL,,,8803
11656,1243338,"Tyrod Taylor",HOU,QB,6300.00,80290,-461,355,26.75,16.75,IND,,,14377
11706,1623793,"Mark Ingram",HOU,RB,5300.00,80290,-461,355,26.75,16.75,IND,2B,RB,14211
11791,1244303,"Rob Gronkowski",TBB,TE,6000.00,80294,247,-305,22.75,29.75,PHI,,,11460
11792,415313,"Marcedes Lewis",GBP,TE,4100.00,80296,191,-236,19.25,25.25,CHI,12B,TE,6672
11793,1691166,"Jimmy Graham",CHI,TE,4300.00,80296,191,-236,19.25,25.25,GBP,10B,TE,11512
11810,584314,"Jared Cook",LAC,TE,5400.00,80293,-147,124,26.75,23.75,BAL,10B,TE,7761
11837,1633122,"Kyle Rudolph",NYG,TE,4300.00,80291,303,-387,20.25,28.25,LAR,13B,TE,14237
12184,516968,"Danny Amendola",HOU,WR,4700.00,80290,-461,355,26.75,16.75,IND,7B,WR,8117
12207,559554,"DeSean Jackson",LAR,WR,5400.00,80291,303,-387,20.25,28.25,NYG,8B,WR,6739
12322,1272852,"Antonio Brown",TBB,WR,7000.00,80294,247,-305,22.75,29.75,PHI,7B,WR,11612
12326,564943,"Emmanuel Sanders",BUF,WR,6800.00,80295,199,-243,23.75,29.25,TEN,7B,WR,11505
12526,1687529,"Andre Roberts",HOU,WR,4500.00,80290,-461,355,26.75,16.75,IND,10B,WR,11504
12896,1623794,"Julio Jones",TEN,WR,6500.00,80295,199,-243,23.75,29.25,BUF,6B,WR,14190
12897,1673207,"A.J. Green",ARI,WR,5400.00,80298,-162,137,25.75,22.75,CLE,6B,WR,14187
12905,1632091,"Randall Cobb",GBP,WR,5300.00,80296,191,-236,19.25,25.25,CHI,7B,WR,14257
12959,1682469,"Taiwan Jones",BUF,RB,4500.00,80295,199,-243,23.75,29.25,TEN,5B,RB,14319
13126,1125485,"Luke Stocker",MIN,TE,4000.00,80289,117,-139,21.25,23.75,CAR,12B,TE,14304
13163,1689664,"Dan Bailey",MIN,K,5000.00,80289,117,-139,21.25,23.75,CAR,,,14952
13557,1273654,"Ryan Tannehill",TEN,QB,7000.00,80295,199,-243,23.75,29.25,BUF,1B,QB,21948
13560,1272242,"Russell Wilson",SEA,QB,7000.00,80297,-223,185,23.75,18.75,PIT,,,22015
13561,1631750,"Nick Foles",CHI,QB,6200.00,80296,191,-236,19.25,25.25,GBP,,,22027
13563,1272574,"Kirk Cousins",MIN,QB,7100.00,80289,117,-139,21.25,23.75,CAR,1B,QB,22038
13567,1691169,"Lamar Miller",WAS,RB,4500.00,80287,243,-301,23.75,30.25,KCC,,,22037
13576,1254119,"Alfred Morris",NYG,RB,4500.00,80291,303,-387,20.25,28.25,LAR,,,22113
13584,1686006,"Alshon Jeffery",PHI,WR,4500.00,80294,247,-305,22.75,29.75,TBB,,,21980
13589,1686045,"Josh Gordon",KCC,WR,5500.00,80287,243,-301,23.75,30.25,WAS,10B,WR,23194
13592,1631804,"Marvin Jones",JAC,WR,11500.00,80285,109,-128,22.75,24.25,MIA,5B,WR,22103
13602,1664121,"Greg Zuerlein",DAL,K,9500.00,80292,156,-186,23.5,27,NEP,13B,K,22109
13611,1985374,"Justin Tucker",BAL,K,9500.00,80293,-147,124,26.75,23.75,LAC,15B,K,23045
13620,1632301,"Brandon Bolden",NEP,RB,5200.00,80292,156,-186,23.5,27,DAL,3B,RB,22898
13639,1977145,"Cole Beasley",BUF,WR,5500.00,80295,199,-243,23.75,29.25,TEN,8B,WR,22288
13641,1673733,"T.Y. Hilton",IND,WR,5000.00,80290,-461,355,26.75,16.75,HOU,6B,WR,22031
14020,0,"Graham Gano",NYG,K,8500.00,80291,303,-387,20.25,28.25,LAR,15B,K,10744
14073,0,"Brian Hoyer",NEP,QB,6000.00,80292,156,-186,23.5,27,DAL,,,7872
16537,0,"Giovani Bernard",TBB,RB,4900.00,80294,247,-305,22.75,29.75,PHI,3B,RB,25290
16538,0,"Le'Veon Bell",BAL,RB,5000.00,80293,-147,124,26.75,23.75,LAC,4B,RB,28181
16557,0,"Geno Smith",SEA,QB,6500.00,80297,-223,185,23.75,18.75,PIT,1B,QB,26483
16558,0,"Mike Glennon",NYG,QB,6400.00,80291,303,-387,20.25,28.25,LAR,,,25410
16560,0,"Matt Barkley",TEN,QB,6000.00,80295,199,-243,23.75,29.25,BUF,,,29605
16562,0,"Tavon Austin",JAC,WR,5000.00,80285,109,-128,22.75,24.25,MIA,8B,WR,26458
16563,0,"DeAndre Hopkins",ARI,WR,7700.00,80298,-162,137,25.75,22.75,CLE,5B,WR,16606
16566,0,"Robert Woods",LAR,WR,6900.00,80291,303,-387,20.25,28.25,NYG,6B,WR,29685
16569,0,"Keenan Allen",LAC,WR,7100.00,80293,-147,124,26.75,23.75,BAL,6B,WR,29253
16570,0,"Marquise Goodwin",CHI,WR,4700.00,80296,191,-236,19.25,25.25,GBP,7B,WR,32243
16583,0,"Zach Ertz",TBB,TE,4900.00,80294,247,-305,22.75,29.75,PHI,10B,TE,29780
16631,0,"Levine Toilolo",NYG,TE,4000.00,80291,303,-387,20.25,28.25,LAR,,,29725
16643,0,"Ryan Griffin",TBB,QB,6000.00,80294,247,-305,22.75,29.75,PHI,,,33702
16877,0,"Case Keenum",CLE,QB,6000.00,80298,-162,137,25.75,22.75,ARI,,,22994
16911,0,"Jack Doyle",IND,TE,4500.00,80290,-461,355,26.75,16.75,HOU,12B,TE,39859
18047,0,"Rex Burkhead",HOU,RB,4500.00,80290,-461,355,26.75,16.75,IND,,,27338
18053,0,"Willie Snead",LVR,WR,4600.00,80288,-199,167,24,20,DEN,10B,WR,44449
18088,0,"Eric Ebron",PIT,TE,4600.00,80297,-223,185,23.75,18.75,SEA,12B,TE,25272
18106,0,"Davante Adams",GBP,WR,8500.00,80296,191,-236,19.25,25.25,CHI,5B,WR,45889
18108,0,"Richard Rodgers",PHI,TE,4100.00,80294,247,-305,22.75,29.75,TBB,,,29314
18113,0,"Jerick McKinnon",KCC,RB,4600.00,80287,243,-301,23.75,30.25,WAS,3B,RB,54608
18114,0,"Teddy Bridgewater",DEN,QB,6600.00,80288,-199,167,24,20,LVR,1B,QB,33259
18116,0,"Adam Thielen",MIN,WR,7200.00,80289,117,-139,21.25,23.75,CAR,6B,WR,39716
18120,0,"Dustin Hopkins",WAS,K,9000.00,80287,243,-301,23.75,30.25,KCC,14B,K,24912
18124,0,"Sammy Watkins",BAL,WR,5500.00,80293,-147,124,26.75,23.75,LAC,,,24641
18126,0,"Jarvis Landry",CLE,WR,5500.00,80298,-162,137,25.75,22.75,ARI,,,31394
18131,0,"Damien Williams",CHI,RB,6500.00,80296,191,-236,19.25,25.25,GBP,,,27441
18139,0,"Matt Slater",NEP,WR,4500.00,80292,156,-186,23.5,27,DAL,,,7856
18143,0,"Tyler Gaffney",NEP,RB,4500.00,80292,156,-186,23.5,27,DAL,,,38444
18159,0,"Chris Boswell",PIT,K,8000.00,80297,-223,185,23.75,18.75,SEA,14B,K,32058
18169,0,"Donte Moncrief",HOU,WR,4500.00,80290,-461,355,26.75,16.75,IND,,,31561
18179,0,"Allen Robinson",CHI,WR,5900.00,80296,191,-236,19.25,25.25,GBP,4B,WR,28643
18182,0,"Allen Hurns",MIA,WR,5000.00,80285,109,-128,22.75,24.25,JAC,,,25760
18186,0,"Blake Bortles",GBP,QB,6000.00,80296,191,-236,19.25,25.25,CHI,,,34308
18222,0,"Odell Beckham",CLE,WR,6000.00,80298,-162,137,25.75,22.75,ARI,5B,WR,31360
18228,0,"Brandon McManus",DEN,K,9000.00,80288,-199,167,24,20,LVR,14B,K,26247
18261,0,"Devonta Freeman",BAL,RB,5300.00,80293,-147,124,26.75,23.75,LAC,5B,RB,24920
18271,0,"Kelvin Benjamin",NYG,WR,4500.00,80291,303,-387,20.25,28.25,LAR,,,24929
18281,0,"Brandin Cooks",HOU,WR,6500.00,80290,-461,355,26.75,16.75,IND,5B,WR,29501
18287,0,"Mike Evans",TBB,WR,7600.00,80294,247,-305,22.75,29.75,PHI,6B,WR,32384
18294,0,"Cameron Brate",TBB,TE,4800.00,80294,247,-305,22.75,29.75,PHI,12B,TE,54782
18311,0,"Albert Wilson",MIA,WR,5500.00,80285,109,-128,22.75,24.25,JAC,6B,WR,48344
18312,0,"Demetrius Harris",ARI,TE,4000.00,80298,-162,137,25.75,22.75,CLE,10B,TE,19342
18314,0,"Travis Kelce",KCC,TE,8500.00,80287,243,-301,23.75,30.25,WAS,12B,TE,33076
18324,0,"Cairo Santos",CHI,K,8500.00,80296,191,-236,19.25,25.25,GBP,12B,K,33714
18330,0,"Derek Carr",LVR,QB,7000.00,80288,-199,167,24,20,DEN,1B,QB,45859
18332,0,"Latavius Murray",BAL,RB,5800.00,80293,-147,124,26.75,23.75,LAC,2B,RB,34331
18357,0,"John Brown",DEN,WR,4500.00,80288,-199,167,24,20,LVR,9B,WR,54606
18363,0,"Logan Thomas",WAS,TE,5000.00,80287,243,-301,23.75,30.25,KCC,,,26355
18365,0,"Darren Fells",DET,TE,4100.00,80286,159,-190,21.5,25,CIN,11B,TE,38301
18373,0,"Garrett Gilbert",NEP,QB,6000.00,80292,156,-186,23.5,27,DAL,,,32158
18380,0,"Derek Carrier",LVR,TE,4000.00,80288,-199,167,24,20,DEN,,,22920
18387,0,"Carlos Hyde",JAC,RB,7500.00,80285,109,-128,22.75,24.25,MIA,3B,RB,28473
18415,0,"Arizona Cardinals",ARI,D,4300.00,80298,-162,137,25.75,22.75,CLE,14B,D,12546
18417,0,"Buffalo Bills",BUF,D,4500.00,80295,199,-243,23.75,29.25,TEN,15B,D,12526
18418,0,"Carolina Panthers",CAR,D,4000.00,80289,117,-139,21.25,23.75,MIN,14B,D,12553
18419,0,"Chicago Bears",CHI,D,3500.00,80296,191,-236,19.25,25.25,GBP,13B,D,12527
18420,0,"Cincinnati Bengals",CIN,D,4500.00,80286,159,-190,21.5,25,DET,14B,D,12528
18421,0,"Cleveland Browns",CLE,D,3600.00,80298,-162,137,25.75,22.75,ARI,13B,D,12529
18422,0,"Dallas Cowboys",DAL,D,4100.00,80292,156,-186,23.5,27,NEP,14B,D,12530
18423,0,"Denver Broncos",DEN,D,4400.00,80288,-199,167,24,20,LVR,15B,D,12531
18424,0,"Detroit Lions",DET,D,3700.00,80286,159,-190,21.5,25,CIN,14B,D,12532
18425,0,"Green Bay Packers",GBP,D,4200.00,80296,191,-236,19.25,25.25,CHI,15B,D,12533
18426,0,"Houston Texans",HOU,D,3400.00,80290,-461,355,26.75,16.75,IND,15B,D,12556
18427,0,"Indianapolis Colts",IND,D,4700.00,80290,-461,355,26.75,16.75,HOU,15B,D,12535
18428,0,"Jacksonville Jaguars",JAC,D,3800.00,80285,109,-128,22.75,24.25,MIA,15B,D,12554
18429,0,"Kansas City Chiefs",KCC,D,3800.00,80287,243,-301,23.75,30.25,WAS,16B,D,12536
18430,0,"Miami Dolphins",MIA,D,4200.00,80285,109,-128,22.75,24.25,JAC,14B,D,12539
18431,0,"Minnesota Vikings",MIN,D,3700.00,80289,117,-139,21.25,23.75,CAR,14B,D,12540
18432,0,"New England Patriots",NEP,D,3800.00,80292,156,-186,23.5,27,DAL,13B,D,12541
18434,0,"New York Giants",NYG,D,3200.00,80291,303,-387,20.25,28.25,LAR,16B,D,12543
18436,0,"Las Vegas Raiders",LVR,D,4600.00,80288,-199,167,24,20,DEN,15B,D,12537
18437,0,"Philadelphia Eagles",PHI,D,3300.00,80294,247,-305,22.75,29.75,TBB,14B,D,12545
18438,0,"Pittsburgh Steelers",PIT,D,4800.00,80297,-223,185,23.75,18.75,SEA,15B,D,12547
18439,0,"Los Angeles Chargers",LAC,D,3600.00,80293,-147,124,26.75,23.75,BAL,14B,D,12548
18441,0,"Seattle Seahawks",SEA,D,3500.00,80297,-223,185,23.75,18.75,PIT,15B,D,12550
18442,0,"Los Angeles Rams",LAR,D,5000.00,80291,303,-387,20.25,28.25,NYG,14B,D,12538
18443,0,"Tampa Bay Buccaneers",TBB,D,4100.00,80294,247,-305,22.75,29.75,PHI,15B,D,12551
18444,0,"Tennessee Titans",TEN,D,3200.00,80295,199,-243,23.75,29.25,BUF,15B,D,12534
18445,0,"Washington Football Team",WAS,D,3000.00,80287,243,-301,23.75,30.25,KCC,15B,D,12552
18446,0,"Baltimore Ravens",BAL,D,3900.00,80293,-147,124,26.75,23.75,LAC,16B,D,12555
18458,0,"James White",NEP,RB,4500.00,80292,156,-186,23.5,27,DAL,,,28930
18774,0,"Jason Myers",SEA,K,7500.00,80297,-223,185,23.75,18.75,PIT,14B,K,60745
21551,0,"Breshad Perriman",CHI,WR,4500.00,80296,191,-236,19.25,25.25,GBP,,,34295
21554,0,"DeAndre Carter",WAS,WR,4800.00,80287,243,-301,23.75,30.25,KCC,8B,WR,62628
21555,0,"Maxx Williams",ARI,TE,4500.00,80298,-162,137,25.75,22.75,CLE,,,28346
21556,0,"Darren Waller",LVR,TE,7000.00,80288,-199,167,24,20,DEN,11B,TE,25011
21560,0,"Nick Boyle",BAL,TE,4000.00,80293,-147,124,26.75,23.75,LAC,,,62510
21566,0,"Jake Kumerow",BUF,WR,4500.00,80295,199,-243,23.75,29.25,TEN,11B,WR,27671
21567,0,"C.J. Uzomah",CIN,TE,5300.00,80286,159,-190,21.5,25,DET,10B,TE,31207
21580,0,"Darius Jennings",DET,WR,4500.00,80286,159,-190,21.5,25,CIN,,,25513
21581,0,"Duke Johnson",JAC,RB,5000.00,80285,109,-128,22.75,24.25,MIA,,,25837
21584,0,"Jesse James",CHI,TE,4100.00,80296,191,-236,19.25,25.25,GBP,,,28694
21604,0,"Ameer Abdullah",MIN,RB,4800.00,80289,117,-139,21.25,23.75,CAR,4B,RB,27229
21607,0,"Michael Burton",KCC,RB,4500.00,80287,243,-301,23.75,30.25,WAS,5B,RB,26057
21614,0,"Brett Hundley",IND,QB,6000.00,80290,-461,355,26.75,16.75,HOU,,,29915
21623,0,"Taylor Heinicke",WAS,QB,7300.00,80287,243,-301,23.75,30.25,KCC,1B,QB,53331
21625,0,"Stefon Diggs",BUF,WR,7600.00,80295,199,-243,23.75,29.25,TEN,6B,WR,25079
21627,0,"MyCole Pruitt",TEN,TE,4800.00,80295,199,-243,23.75,29.25,BUF,12B,TE,62505
21635,0,"Chris Manhertz",JAC,TE,5500.00,80285,109,-128,22.75,24.25,MIA,11B,TE,18009
21637,0,"DeVante Parker",MIA,WR,12000.00,80285,109,-128,22.75,24.25,JAC,,,33260
21649,0,"Devin Smith",JAC,WR,5000.00,80285,109,-128,22.75,24.25,MIA,,,28502
21666,0,"Phillip Dorsett",SEA,WR,4500.00,80297,-223,185,23.75,18.75,PIT,9B,WR,25813
21686,0,"Marcus Mariota",LVR,QB,6200.00,80288,-199,167,24,20,DEN,,,29358
21690,0,"Geoff Swaim",TEN,TE,4100.00,80295,199,-243,23.75,29.25,BUF,13B,TE,38523
21704,0,"Eric Tomlinson",BAL,TE,4000.00,80293,-147,124,26.75,23.75,LAC,13B,TE,32957
21708,0,"Nelson Agholor",NEP,WR,5400.00,80292,156,-186,23.5,27,DAL,6B,WR,29683
21722,0,"Justin Hardy",CHI,WR,4500.00,80296,191,-236,19.25,25.25,GBP,,,33137
21725,0,"Devin Funchess",GBP,WR,4500.00,80296,191,-236,19.25,25.25,CHI,,,28080
21726,0,"Damiere Byrd",CHI,WR,4600.00,80296,191,-236,19.25,25.25,GBP,6B,WR,30678
21742,0,"Adam Humphries",WAS,WR,5000.00,80287,243,-301,23.75,30.25,KCC,6B,WR,24671
21751,0,"James O'Shaughnessy",JAC,TE,5000.00,80285,109,-128,22.75,24.25,MIA,,,62508
21755,0,"Chris Conley",HOU,WR,5200.00,80290,-461,355,26.75,16.75,IND,6B,WR,30403
21757,0,"Amari Cooper",DAL,WR,6800.00,80292,156,-186,23.5,27,NEP,6B,WR,31001
21767,0,"Tyrell Williams",DET,WR,5000.00,80286,159,-190,21.5,25,CIN,,,62535
21769,0,"Josh Lambo",JAC,K,8500.00,80285,109,-128,22.75,24.25,MIA,,,32429
21773,0,"Melvin Gordon",DEN,RB,6000.00,80288,-199,167,24,20,LVR,2B,RB,28900
21774,0,"David Johnson",HOU,RB,5200.00,80290,-461,355,26.75,16.75,IND,3B,RB,62497
21777,0,"J.J. Nelson",IND,WR,4500.00,80290,-461,355,26.75,16.75,HOU,,,34154
21786,0,"Sean Mannion",MIN,QB,6000.00,80289,117,-139,21.25,23.75,CAR,,,29445
21789,0,"Malcolm Brown",MIA,RB,7500.00,80285,109,-128,22.75,24.25,JAC,4B,RB,32234
21793,0,"Blake Bell",KCC,TE,4100.00,80287,243,-301,23.75,30.25,WAS,,,27403
21804,0,"Rod Smith",CAR,RB,4500.00,80289,117,-139,21.25,23.75,MIN,,,28545
21808,0,"Tyler Lockett",SEA,WR,6800.00,80297,-223,185,23.75,18.75,PIT,6B,WR,27050
29042,0,"Ross Travis",ARI,TE,4000.00,80298,-162,137,25.75,22.75,CLE,12B,TE,16078
34440,0,"Matt LaCosse",NEP,TE,4000.00,80292,156,-186,23.5,27,DAL,,,27672
35415,0,"Chris Moore",HOU,WR,5300.00,80290,-461,355,26.75,16.75,IND,8B,WR,33047
35418,0,"Tyler Boyd",CIN,WR,6300.00,80286,159,-190,21.5,25,DET,7B,WR,40669
35425,0,"Alex Erickson",CAR,WR,4500.00,80289,117,-139,21.25,23.75,MIN,9B,WR,28907
35427,0,"Rashard Higgins",CLE,WR,5300.00,80298,-162,137,25.75,22.75,ARI,7B,WR,45791
35431,0,"J.P. Holtz",CHI,TE,4000.00,80296,191,-236,19.25,25.25,GBP,,,25957
35446,0,"Jordan Howard",PHI,RB,4500.00,80294,247,-305,22.75,29.75,TBB,,,42142
35463,0,"Geronimo Allison",DET,WR,4500.00,80286,159,-190,21.5,25,CIN,,,52560
35471,0,"C.J. Ham",MIN,RB,4500.00,80289,117,-139,21.25,23.75,CAR,,,70501
35473,0,"Laquon Treadwell",JAC,WR,5000.00,80285,109,-128,22.75,24.25,MIA,9B,WR,41806
35476,0,"Marken Michel",WAS,WR,4500.00,80287,243,-301,23.75,30.25,KCC,,,47501
35479,0,"Jonathan Williams",WAS,RB,4500.00,80287,243,-301,23.75,30.25,KCC,,,31184
35482,0,"Kenyan Drake",LVR,RB,5300.00,80288,-199,167,24,20,DEN,3B,RB,30989
35483,0,"Jakeem Grant",CHI,WR,4500.00,80296,191,-236,19.25,25.25,GBP,8B,WR,32703
35493,0,"Jacoby Brissett",MIA,QB,15000.00,80285,109,-128,22.75,24.25,JAC,,,30231
35503,0,"Robby Anderson",CAR,WR,5500.00,80289,117,-139,21.25,23.75,MIN,6B,WR,26251
35506,0,"Ka'imi Fairbairn",HOU,K,8500.00,80290,-461,355,26.75,16.75,IND,14B,K,29932
35508,0,"Will Fuller",MIA,WR,8000.00,80285,109,-128,22.75,24.25,JAC,,,42028
35510,0,"Tevin Jones",JAC,WR,5000.00,80285,109,-128,22.75,24.25,MIA,,,33403
35511,0,"Stephen Anderson",LAC,TE,4200.00,80293,-147,124,26.75,23.75,BAL,12B,TE,29277
35514,0,"Chester Rogers",TEN,WR,5100.00,80295,199,-243,23.75,29.25,BUF,9B,WR,70372
35523,0,"Brandon Allen",CIN,QB,6400.00,80286,159,-190,21.5,25,DET,,,31170
35530,0,"Derrick Henry",TEN,RB,10500.00,80295,199,-243,23.75,29.25,BUF,2B,RB,39280
35531,0,"Alex Ellis",LVR,TE,4000.00,80288,-199,167,24,20,DEN,,,30787
35539,0,"Dak Prescott",DAL,QB,8100.00,80292,156,-186,23.5,27,NEP,1B,QB,31716
35540,0,"Ezekiel Elliott",DAL,RB,8300.00,80292,156,-186,23.5,27,NEP,2B,RB,38791
35547,0,"Sterling Shepard",NYG,WR,6200.00,80291,303,-387,20.25,28.25,LAR,6B,WR,27477
35552,0,"Jerell Adams",TBB,TE,4000.00,80294,247,-305,22.75,29.75,PHI,,,30654
35553,0,"Marcus Johnson",TEN,WR,5100.00,80295,199,-243,23.75,29.25,BUF,8B,WR,32235
35558,0,"Carson Wentz",IND,QB,6700.00,80290,-461,355,26.75,16.75,HOU,1B,QB,70324
35565,0,"Josh Doctson",ARI,WR,4500.00,80298,-162,137,25.75,22.75,CLE,,,32564
35576,0,"Austin Hooper",CLE,TE,4700.00,80298,-162,137,25.75,22.75,ARI,10B,TE,40126
35578,0,"J.D. McKissic",WAS,RB,5200.00,80287,243,-301,23.75,30.25,KCC,3B,RB,43334
35603,0,"Peyton Barber",LVR,RB,5500.00,80288,-199,167,24,20,DEN,4B,RB,40857
35607,0,"Devontae Booker",NYG,RB,5900.00,80291,303,-387,20.25,28.25,LAR,2B,RB,39580
35608,0,"Kalif Raymond",DET,WR,5100.00,80286,159,-190,21.5,25,CIN,5B,WR,70422
35610,0,"Andy Janovich",CLE,RB,4500.00,80298,-162,137,25.75,22.75,ARI,,,27273
35615,0,"Demarcus Robinson",KCC,WR,5000.00,80287,243,-301,23.75,30.25,WAS,8B,WR,38264
35616,0,"Tyreek Hill",KCC,WR,8700.00,80287,243,-301,23.75,30.25,WAS,6B,WR,53681
35624,0,"Marvin Hall",NEP,WR,4500.00,80292,156,-186,23.5,27,DAL,,,29949
35625,0,"Jaydon Mickens",TBB,WR,4500.00,80294,247,-305,22.75,29.75,PHI,10B,WR,29985
35626,0,"Jalen Richard",LVR,RB,4500.00,80288,-199,167,24,20,DEN,,,33578
35634,0,"Hunter Henry",NEP,TE,5600.00,80292,156,-186,23.5,27,DAL,10B,TE,40845
35635,0,"Derek Watt",PIT,RB,4500.00,80297,-223,185,23.75,18.75,SEA,5B,RB,28890
35636,0,"Elijhaa Penny",NYG,RB,4500.00,80291,303,-387,20.25,28.25,LAR,3B,RB,52931
35666,0,"Pharoh Cooper",JAC,WR,5000.00,80285,109,-128,22.75,24.25,MIA,,,40932
35668,0,"Duke Williams",BUF,WR,4500.00,80295,199,-243,23.75,29.25,TEN,,,54280
35670,0,"Tyler Higbee",LAR,TE,5500.00,80291,303,-387,20.25,28.25,NYG,10B,TE,47870
35672,0,"Temarrick Hemingway",WAS,TE,4000.00,80287,243,-301,23.75,30.25,KCC,,,70342
35673,0,"Jared Goff",DET,QB,6900.00,80286,159,-190,21.5,25,CIN,1B,QB,38435
35674,0,"Mike Thomas",CIN,WR,4600.00,80286,159,-190,21.5,25,DET,9B,WR,55694
35677,0,"Jeff Driskel",HOU,QB,6000.00,80290,-461,355,26.75,16.75,IND,,,30253
35682,0,"Troymaine Pope",TBB,RB,4500.00,80294,247,-305,22.75,29.75,PHI,,,72676
35683,0,"Alex Collins",SEA,RB,5800.00,80297,-223,185,23.75,18.75,PIT,2B,RB,40843
35692,0,"C.J. Prosise",TBB,RB,4500.00,80294,247,-305,22.75,29.75,PHI,,,33472
36825,0,"Tim Patrick",DEN,WR,6100.00,80288,-199,167,24,20,LVR,6B,WR,57091
36828,0,"C.J. Board",NYG,WR,4800.00,80291,303,-387,20.25,28.25,LAR,10B,WR,80281
36829,0,"Taquan Mizzell",NYG,WR,4500.00,80291,303,-387,20.25,28.25,LAR,,,41155
36830,0,"Josh Malone",DEN,WR,4500.00,80288,-199,167,24,20,LVR,,,52410
36831,0,"Jake Elliott",PHI,K,7000.00,80294,247,-305,22.75,29.75,TBB,13B,K,41235
36833,0,"Joe Mixon",CIN,RB,7000.00,80286,159,-190,21.5,25,DET,2B,RB,52442
36834,0,"Mason Schreck",CIN,TE,4000.00,80286,159,-190,21.5,25,DET,,,47551
36835,0,"John Ross",NYG,WR,5400.00,80291,303,-387,20.25,28.25,LAR,8B,WR,41475
36837,0,"Cethan Carter",MIA,TE,5000.00,80285,109,-128,22.75,24.25,JAC,12B,TE,38722
36841,0,"DeShone Kizer",TEN,QB,6000.00,80295,199,-243,23.75,29.25,BUF,,,57537
36842,0,"Zane Gonzalez",CAR,K,8500.00,80289,117,-139,21.25,23.75,MIN,13B,K,39369
36844,0,"David Njoku",CLE,TE,5100.00,80298,-162,137,25.75,22.75,ARI,9B,TE,55335
36847,0,"Joshua Dobbs",PIT,QB,6000.00,80297,-223,185,23.75,18.75,SEA,,,40407
36849,0,"JuJu Smith-Schuster",PIT,WR,5000.00,80297,-223,185,23.75,18.75,SEA,,,55987
36851,0,"James Conner",ARI,RB,6100.00,80298,-162,137,25.75,22.75,CLE,3B,RB,40687
36853,0,"Tanner Gentry",BUF,WR,4500.00,80295,199,-243,23.75,29.25,TEN,,,46374
36854,0,"Mitchell Trubisky",BUF,QB,6100.00,80295,199,-243,23.75,29.25,TEN,,,38628
36857,0,"Adam Shaheen",MIA,TE,5000.00,80285,109,-128,22.75,24.25,JAC,,,79967
36858,0,"Tarik Cohen",CHI,RB,4600.00,80296,191,-236,19.25,25.25,GBP,,,79974
36860,0,"Robert Tonyan",GBP,TE,5200.00,80296,191,-236,19.25,25.25,CHI,11B,TE,80353
36865,0,"Kenny Golladay",NYG,WR,6000.00,80291,303,-387,20.25,28.25,LAR,,,54244
36871,0,"Aaron Jones",GBP,RB,8000.00,80296,191,-236,19.25,25.25,CHI,2B,RB,40442
36872,0,"Jamaal Williams",DET,RB,5700.00,80286,159,-190,21.5,25,CIN,3B,RB,45631
36885,0,"Dalvin Cook",MIN,RB,8800.00,80289,117,-139,21.25,23.75,CAR,2B,RB,54140
36886,0,"Rodney Adams",CHI,WR,4500.00,80296,191,-236,19.25,25.25,GBP,,,45307
36889,0,"Zay Jones",LVR,WR,4700.00,80288,-199,167,24,20,DEN,9B,WR,41305
36892,0,"Jason Croom",PHI,TE,4000.00,80294,247,-305,22.75,29.75,TBB,,,30800
36893,0,"Nathan Peterman",LVR,QB,6200.00,80288,-199,167,24,20,DEN,,,30761
36900,0,"Isaiah Ford",MIA,WR,5000.00,80285,109,-128,22.75,24.25,JAC,8B,WR,56356
36901,0,"Jacob Hollister",JAC,TE,5500.00,80285,109,-128,22.75,24.25,MIA,12B,TE,54007
36903,0,"Cody Hollister",TEN,WR,4500.00,80295,199,-243,23.75,29.25,BUF,,,53913
36906,0,"Elijah McGuire",KCC,RB,4500.00,80287,243,-301,23.75,30.25,WAS,,,44103
36908,0,"Chad Hansen",DET,WR,4500.00,80286,159,-190,21.5,25,CIN,,,55940
36910,0,"Anthony Firkser",TEN,TE,4700.00,80295,199,-243,23.75,29.25,BUF,11B,TE,80294
36918,0,"Evan Baylis",KCC,TE,4000.00,80287,243,-301,23.75,30.25,WAS,,,29390
36919,0,"Dare Ogunbowale",JAC,RB,6000.00,80285,109,-128,22.75,24.25,MIA,4B,RB,28827
36923,0,"Deshaun Watson",HOU,QB,6100.00,80290,-461,355,26.75,16.75,IND,,,54879
36925,0,"P.J. Walker",CAR,QB,6000.00,80289,117,-139,21.25,23.75,MIN,,,41827
36928,0,"Mo Alie-Cox",IND,TE,5000.00,80290,-461,355,26.75,16.75,HOU,11B,TE,24533
36932,0,"Marlon Mack",IND,RB,5000.00,80290,-461,355,26.75,16.75,HOU,4B,RB,57909
36933,0,"Darrell Daniels",ARI,TE,4000.00,80298,-162,137,25.75,22.75,CLE,11B,TE,41469
36934,0,"JoJo Natson",CLE,WR,4500.00,80298,-162,137,25.75,22.75,ARI,,,44280
36941,0,"Leonard Fournette",TBB,RB,6600.00,80294,247,-305,22.75,29.75,PHI,2B,RB,52922
36943,0,"Dede Westbrook",MIN,WR,4500.00,80289,117,-139,21.25,23.75,CAR,8B,WR,60910
36945,0,"Khalfani Muhammad",ARI,RB,4500.00,80298,-162,137,25.75,22.75,CLE,,,41371
36947,0,"Taywan Taylor",HOU,WR,4500.00,80290,-461,355,26.75,16.75,IND,,,47780
36950,0,"Jonnu Smith",NEP,TE,4800.00,80292,156,-186,23.5,27,DAL,11B,TE,48116
36954,0,"Cooper Rush",DAL,QB,6000.00,80292,156,-186,23.5,27,NEP,,,44715
36955,0,"Ryan Switzer",CLE,WR,4500.00,80298,-162,137,25.75,22.75,ARI,,,38634
36957,0,"Noah Brown",DAL,WR,4500.00,80292,156,-186,23.5,27,NEP,8B,WR,56248
36959,0,"Blake Jarwin",DAL,TE,4600.00,80292,156,-186,23.5,27,NEP,11B,TE,27527
36968,0,"Evan Engram",NYG,TE,5000.00,80291,303,-387,20.25,28.25,LAR,12B,TE,41872
36969,0,"Davis Webb",BUF,QB,6000.00,80295,199,-243,23.75,29.25,TEN,,,39795
36971,0,"Mack Hollins",MIA,WR,6000.00,80285,109,-128,22.75,24.25,JAC,7B,WR,25267
36972,0,"Greg Ward",PHI,WR,4800.00,80294,247,-305,22.75,29.75,TBB,8B,WR,40434
36973,0,"Corey Clement",DAL,RB,4600.00,80292,156,-186,23.5,27,NEP,4B,RB,40758
36977,0,"Samaje Perine",CIN,RB,5700.00,80286,159,-190,21.5,25,DET,,,52451
36978,0,"Zach Pascal",IND,WR,5300.00,80290,-461,355,26.75,16.75,HOU,8B,WR,53390
36981,0,"Jeremy Sprinkle",DAL,TE,4100.00,80292,156,-186,23.5,27,NEP,12B,TE,31169
36986,0,"Eric Saubert",DEN,TE,4000.00,80288,-199,167,24,20,LVR,13B,TE,79980
36989,0,"Brian Hill",TEN,RB,4500.00,80295,199,-243,23.75,29.25,BUF,,,54010
36990,0,"Reggie Davis",DAL,WR,4500.00,80292,156,-186,23.5,27,NEP,,,39930
36991,0,"Curtis Samuel",WAS,WR,5000.00,80287,243,-301,23.75,30.25,KCC,,,52613
36994,0,"Christian McCaffrey",CAR,RB,10000.00,80289,117,-139,21.25,23.75,MIN,,,55050
36996,0,"Harrison Butker",KCC,K,9500.00,80287,243,-301,23.75,30.25,WAS,15B,K,41642
37002,0,"Chris Godwin",TBB,WR,7300.00,80294,247,-305,22.75,29.75,PHI,8B,WR,55635
37003,0,"Antony Auclair",HOU,TE,4400.00,80290,-461,355,26.75,16.75,IND,13B,TE,80011
37004,0,"O.J. Howard",TBB,TE,4900.00,80294,247,-305,22.75,29.75,PHI,11B,TE,39286
37006,0,"Jeremy McNichols",TEN,RB,5200.00,80295,199,-243,23.75,29.25,BUF,3B,RB,56648
37011,0,"Isaiah McKenzie",BUF,WR,4600.00,80295,199,-243,23.75,29.25,TEN,10B,WR,53639
37015,0,"Kareem Hunt",CLE,RB,7400.00,80298,-162,137,25.75,22.75,ARI,2B,RB,45229
37017,0,"Marcus Kemp",KCC,WR,4600.00,80287,243,-301,23.75,30.25,WAS,11B,WR,45964
37022,0,"Patrick Mahomes",KCC,QB,9000.00,80287,243,-301,23.75,30.25,WAS,1B,QB,57439
37024,0,"Gehrig Dieter",KCC,WR,4500.00,80287,243,-301,23.75,30.25,WAS,,,32161
37025,0,"Isaac Whitney",ARI,WR,4500.00,80298,-162,137,25.75,22.75,CLE,,,60835
37028,0,"Pharaoh Brown",HOU,TE,4500.00,80290,-461,355,26.75,16.75,IND,12B,TE,29411
37034,0,"Austin Ekeler",LAC,RB,8400.00,80293,-147,124,26.75,23.75,BAL,2B,RB,80001
37035,0,"Andre Patton",PHI,WR,4500.00,80294,247,-305,22.75,29.75,TBB,,,41221
37037,0,"Mike Williams",LAC,WR,8000.00,80293,-147,124,26.75,23.75,BAL,5B,WR,39829
37041,0,"Chad Williams",KCC,WR,4500.00,80287,243,-301,23.75,30.25,WAS,,,79972
37044,0,"Ricky Seals-Jones",WAS,TE,5000.00,80287,243,-301,23.75,30.25,KCC,11B,TE,40977
37050,0,"Cooper Kupp",LAR,WR,8200.00,80291,303,-387,20.25,28.25,NYG,5B,WR,79970
37051,0,"Josh Reynolds",TEN,WR,4900.00,80295,199,-243,23.75,29.25,BUF,10B,WR,53097
37055,0,"Johnny Mundt",LAR,TE,4100.00,80291,303,-387,20.25,28.25,NYG,11B,TE,40371
37058,0,"Gerald Everett",SEA,TE,4900.00,80297,-223,185,23.75,18.75,PIT,10B,TE,57299
37060,0,"Matt Breida",BUF,RB,4600.00,80295,199,-243,23.75,29.25,TEN,,,53303
37061,0,"C.J. Beathard",JAC,QB,5000.00,80285,109,-128,22.75,24.25,MIA,,,27986
37063,0,"Victor Bolden",DET,WR,4500.00,80286,159,-190,21.5,25,CIN,,,41954
37065,0,"Cole Hikutini",NYG,TE,4000.00,80291,303,-387,20.25,28.25,LAR,,,62127
37066,0,"Trent Taylor",CIN,WR,4500.00,80286,159,-190,21.5,25,DET,,,43416
37067,0,"Nick Mullens",CLE,QB,6000.00,80298,-162,137,25.75,22.75,ARI,,,41562
37068,0,"Kendrick Bourne",NEP,WR,5200.00,80292,156,-186,23.5,27,DAL,7B,WR,80289
37072,0,"Tyrone Swoopes",WAS,TE,4000.00,80287,243,-301,23.75,30.25,KCC,,,38528
37073,0,"Chris Carson",SEA,RB,6400.00,80297,-223,185,23.75,18.75,PIT,,,64119
37074,0,"Cyril Grayson",TBB,WR,3000.00,80294,247,-305,22.75,29.75,PHI,,,79920
37075,0,"Amara Darboh",DEN,WR,4500.00,80288,-199,167,24,20,LVR,,,28055
37076,0,"David Moore",DEN,WR,4500.00,80288,-199,167,24,20,LVR,8B,WR,79987
37415,0,"Fred Brown",TEN,WR,4500.00,80295,199,-243,23.75,29.25,BUF,,,31602
37423,0,"Dan Arnold",JAC,TE,7000.00,80285,109,-128,22.75,24.25,MIA,10B,TE,80546
37500,0,"De'Quan Hampton",SEA,WR,4500.00,80297,-223,185,23.75,18.75,PIT,,,63586
37501,0,"Trey Edmunds",PIT,RB,4500.00,80297,-223,185,23.75,18.75,SEA,,,26384
37980,0,"Colin Thompson",CAR,TE,4000.00,80289,117,-139,21.25,23.75,MIN,12B,TE,30272
49097,0,"Brandon Zylstra",CAR,WR,4700.00,80289,117,-139,21.25,23.75,MIN,8B,WR,82731
328094,0,"Gus Edwards",BAL,RB,4500.00,80293,-147,124,26.75,23.75,LAC,,,40167
328096,0,"Mark Andrews",BAL,TE,6300.00,80293,-147,124,26.75,23.75,LAC,12B,TE,52436
328097,0,"Lamar Jackson",BAL,QB,8200.00,80293,-147,124,26.75,23.75,LAC,1B,QB,63115
328118,0,"Logan Woodside",TEN,QB,6000.00,80295,199,-243,23.75,29.25,BUF,,,45259
328122,0,"Jordan Franks",CLE,TE,4000.00,80298,-162,137,25.75,22.75,ARI,,,57325
328123,0,"Auden Tate",CIN,WR,4700.00,80286,159,-190,21.5,25,DET,8B,WR,64339
328152,0,"Nick Chubb",CLE,RB,8100.00,80298,-162,137,25.75,22.75,ARI,,,53562
328153,0,"Dontrell Hilliard",HOU,RB,4500.00,80290,-461,355,26.75,16.75,IND,,,52808
328156,0,"Antonio Callaway",KCC,WR,4500.00,80287,243,-301,23.75,30.25,WAS,,,63360
328157,0,"Baker Mayfield",CLE,QB,6800.00,80298,-162,137,25.75,22.75,ARI,1B,QB,41535
328160,0,"Damion Ratley",DAL,WR,4500.00,80292,156,-186,23.5,27,NEP,,,60861
328180,0,"James Washington",PIT,WR,5200.00,80297,-223,185,23.75,18.75,SEA,8B,WR,55748
328181,0,"Mason Rudolph",PIT,QB,6100.00,80297,-223,185,23.75,18.75,SEA,,,53729
328187,0,"Jaylen Samuels",PIT,RB,4500.00,80297,-223,185,23.75,18.75,SEA,,,55323
328210,0,"Javon Wims",LVR,WR,4500.00,80288,-199,167,24,20,DEN,,,71359
328211,0,"Ryan Nall",CHI,RB,4500.00,80296,191,-236,19.25,25.25,GBP,3B,RB,57064
328212,0,"Anthony Miller",HOU,WR,4700.00,80290,-461,355,26.75,16.75,IND,,,41936
328241,0,"Ryan Santoso",DET,K,8500.00,80286,159,-190,21.5,25,CIN,,,38768
328242,0,"Brandon Powell",MIA,WR,5000.00,80285,109,-128,22.75,24.25,JAC,,,52345
328269,0,"Equanimeous St. Brown",GBP,WR,4500.00,80296,191,-236,19.25,25.25,CHI,8B,WR,64841
328271,0,"Tim Boyle",DET,QB,6000.00,80286,159,-190,21.5,25,CIN,,,40482
328273,0,"Kevin Rader",PIT,TE,4000.00,80297,-223,185,23.75,18.75,SEA,,,83226
328275,0,"Marquez Valdes-Scantling",GBP,WR,5000.00,80296,191,-236,19.25,25.25,CHI,,,40647
328302,0,"Mike Boone",DEN,RB,4500.00,80288,-199,167,24,20,LVR,4B,RB,58041
328304,0,"Tyler Conklin",MIN,TE,5100.00,80289,117,-139,21.25,23.75,CAR,10B,TE,60451
328305,0,"Chad Beebe",MIN,WR,4500.00,80289,117,-139,21.25,23.75,CAR,,,43912
328307,0,"Daniel Carlson",LVR,K,9500.00,80288,-199,167,24,20,DEN,14B,K,40856
328330,0,"Robert Foster",DAL,WR,4500.00,80292,156,-186,23.5,27,NEP,,,42107
328331,0,"Josh Allen",BUF,QB,8800.00,80295,199,-243,23.75,29.25,TEN,1B,QB,62239
328333,0,"Ray-Ray McCloud",PIT,WR,4900.00,80297,-223,185,23.75,18.75,SEA,9B,WR,62055
328336,0,"Austin Proehl",LAC,WR,4500.00,80293,-147,124,26.75,23.75,BAL,,,53646
328361,0,"Jason Sanders",MIA,K,9000.00,80285,109,-128,22.75,24.25,JAC,13B,K,52767
328362,0,"Kalen Ballage",PIT,RB,4700.00,80297,-223,185,23.75,18.75,SEA,4B,RB,52371
328364,0,"Mike Gesicki",MIA,TE,9500.00,80285,109,-128,22.75,24.25,JAC,10B,TE,56265
328365,0,"Buddy Howell",LAR,RB,4500.00,80291,303,-387,20.25,28.25,NYG,,,55514
328366,0,"Durham Smythe",MIA,TE,5500.00,80285,109,-128,22.75,24.25,JAC,11B,TE,42046
328367,0,"Greg Joseph",MIN,K,9000.00,80289,117,-139,21.25,23.75,CAR,13B,K,55515
328391,0,"Sony Michel",LAR,RB,5400.00,80291,303,-387,20.25,28.25,NYG,3B,RB,53640
328395,0,"Ryan Izzo",SEA,TE,4000.00,80297,-223,185,23.75,18.75,PIT,,,55609
328396,0,"Danny Etling",MIN,QB,6000.00,80289,117,-139,21.25,23.75,CAR,,,38837
328421,0,"Chris Herndon",MIN,TE,4100.00,80289,117,-139,21.25,23.75,CAR,11B,TE,55336
328423,0,"Sam Darnold",CAR,QB,7500.00,80289,117,-139,21.25,23.75,MIN,1B,QB,63589
328459,0,"Jordan Thomas",IND,TE,4000.00,80290,-461,355,26.75,16.75,HOU,,,71386
328460,0,"Jester Weah",CHI,WR,4500.00,80296,191,-236,19.25,25.25,GBP,,,40674
328461,0,"Jordan Akins",HOU,TE,4200.00,80290,-461,355,26.75,16.75,IND,11B,TE,57338
328462,0,"Keke Coutee",IND,WR,4500.00,80290,-461,355,26.75,16.75,HOU,,,64242
328488,0,"Jordan Wilkins",IND,RB,4500.00,80290,-461,355,26.75,16.75,HOU,,,41867
328490,0,"Deon Cain",BAL,WR,4500.00,80293,-147,124,26.75,23.75,LAC,,,62042
328491,0,"Daurice Fountain",KCC,WR,4500.00,80287,243,-301,23.75,30.25,WAS,,,83086
328494,0,"Nyheim Hines",IND,RB,5100.00,80290,-461,355,26.75,16.75,HOU,3B,RB,63625
328522,0,"DJ Chark",JAC,WR,5000.00,80285,109,-128,22.75,24.25,MIA,,,52917
328523,0,"Allen Lazard",GBP,WR,5100.00,80296,191,-236,19.25,25.25,CHI,6B,WR,56809
328550,0,"Cameron Batson",TEN,WR,5000.00,80295,199,-243,23.75,29.25,BUF,,,57432
328551,0,"Jordan Veasy",HOU,WR,4500.00,80290,-461,355,26.75,16.75,IND,,,69150
328553,0,"Devin Ross",NEP,WR,4500.00,80292,156,-186,23.5,27,DAL,,,41430
328579,0,"Bo Scarbrough",LVR,RB,4500.00,80288,-199,167,24,20,DEN,,,56064
328582,0,"Michael Gallup",DAL,WR,5000.00,80292,156,-186,23.5,27,NEP,,,69956
328583,0,"Dalton Schultz",DAL,TE,6500.00,80292,156,-186,23.5,27,NEP,10B,TE,55042
328585,0,"David Wells",IND,TE,4000.00,80290,-461,355,26.75,16.75,HOU,,,46177
328586,0,"Cedrick Wilson",DAL,WR,5200.00,80292,156,-186,23.5,27,NEP,7B,WR,69581
328607,0,"Saquon Barkley",NYG,RB,6500.00,80291,303,-387,20.25,28.25,LAR,,,64401
328609,0,"Kyle Lauletta",JAC,QB,5000.00,80285,109,-128,22.75,24.25,MIA,,,83079
328643,0,"Dallas Goedert",PHI,TE,5900.00,80294,247,-305,22.75,29.75,TBB,,,83074
328670,0,"De'Mornay Pierson-El",DEN,WR,4500.00,80288,-199,167,24,20,LVR,,,52553
328676,0,"Darvin Kidsy",SEA,WR,4500.00,80297,-223,185,23.75,18.75,PIT,,,47249
328677,0,"Cam Sims",WAS,WR,4700.00,80287,243,-301,23.75,30.25,KCC,,,54472
328679,0,"Trey Quinn",LVR,WR,4500.00,80288,-199,167,24,20,DEN,,,52902
328700,0,"Kurt Benkert",GBP,QB,6000.00,80296,191,-236,19.25,25.25,CHI,,,39034
328710,0,"Ito Smith",MIN,RB,4500.00,80289,117,-139,21.25,23.75,CAR,,,55689
328714,0,"Devin Gray",BAL,WR,4500.00,80293,-147,124,26.75,23.75,LAC,,,68890
328733,0,"D.J. Moore",CAR,WR,7600.00,80289,117,-139,21.25,23.75,MIN,5B,WR,63043
328734,0,"Reggie Bonnafon",CAR,RB,4500.00,80289,117,-139,21.25,23.75,MIN,,,55224
328735,0,"Ian Thomas",CAR,TE,4400.00,80289,117,-139,21.25,23.75,MIN,10B,TE,72515
328736,0,"Kyle Allen",WAS,QB,6000.00,80287,243,-301,23.75,30.25,KCC,,,53095
328763,0,"Boston Scott",PHI,RB,4500.00,80294,247,-305,22.75,29.75,TBB,4B,RB,43433
328764,0,"Keith Kirkwood",CAR,WR,4500.00,80289,117,-139,21.25,23.75,MIN,,,45997
328768,0,"Deon Yelder",TBB,TE,4000.00,80294,247,-305,22.75,29.75,PHI,13B,TE,47788
328793,0,"Justin Watson",TBB,WR,4500.00,80294,247,-305,22.75,29.75,PHI,,,83083
328794,0,"Ronald Jones",TBB,RB,5200.00,80294,247,-305,22.75,29.75,PHI,4B,RB,63591
328823,0,"Troy Fumagalli",NEP,TE,4000.00,80292,156,-186,23.5,27,DAL,,,40746
328826,0,"DaeSean Hamilton",DEN,WR,4500.00,80288,-199,167,24,20,LVR,,,41741
328827,0,"Courtland Sutton",DEN,WR,6600.00,80288,-199,167,24,20,LVR,5B,WR,57403
328829,0,"Royce Freeman",CAR,RB,5100.00,80289,117,-139,21.25,23.75,MIN,3B,RB,55970
328830,0,"Phillip Lindsay",HOU,RB,4700.00,80290,-461,355,26.75,16.75,IND,4B,RB,41426
328853,0,"Byron Pringle",KCC,WR,5200.00,80287,243,-301,23.75,30.25,WAS,9B,WR,69295
328854,0,"Darrel Williams",KCC,RB,5200.00,80287,243,-301,23.75,30.25,WAS,2B,RB,52897
328883,0,"Marcus Baugh",PIT,TE,4000.00,80297,-223,185,23.75,18.75,SEA,,,38805
328885,0,"Marcell Ateman",LVR,WR,4500.00,80288,-199,167,24,20,DEN,,,41042
328888,0,"Eddy Pineiro",WAS,K,5000.00,80287,243,-301,23.75,30.25,KCC,,,69307
328912,0,"Dylan Cantrell",WAS,TE,4000.00,80287,243,-301,23.75,30.25,KCC,,,41552
328913,0,"Justin Jackson",LAC,RB,4800.00,80293,-147,124,26.75,23.75,BAL,4B,RB,55165
328948,0,"Chase Edmonds",ARI,RB,5900.00,80298,-162,137,25.75,22.75,CLE,2B,RB,83081
328951,0,"Andrew Vollert",IND,TE,4000.00,80290,-461,355,26.75,16.75,HOU,,,43993
328952,0,"Christian Kirk",ARI,WR,5900.00,80298,-162,137,25.75,22.75,CLE,7B,WR,60858
328977,0,"Codey McElroy",TBB,TE,4100.00,80294,247,-305,22.75,29.75,PHI,,,68155
328981,0,"John Kelly",CLE,RB,4500.00,80298,-162,137,25.75,22.75,ARI,,,63479
329006,0,"Dante Pettis",NYG,WR,4500.00,80291,303,-387,20.25,28.25,LAR,11B,WR,56698
329034,0,"Caleb Scott",LVR,WR,4500.00,80288,-199,167,24,20,DEN,,,56051
329037,0,"Will Dissly",SEA,TE,4600.00,80297,-223,185,23.75,18.75,PIT,11B,TE,56708
329038,0,"Rashaad Penny",SEA,RB,4800.00,80297,-223,185,23.75,18.75,PIT,,,57840
329039,0,"Alex McGough",SEA,QB,6000.00,80297,-223,185,23.75,18.75,PIT,,,54507
471650,0,"Chris Lacy",CHI,WR,4500.00,80296,191,-236,19.25,25.25,GBP,,,55750
508241,0,"Nick Bellore",SEA,RB,4500.00,80297,-223,185,23.75,18.75,PIT,,,14820
508426,0,"John Wolford",LAR,QB,6100.00,80291,303,-387,20.25,28.25,NYG,,,56192
509432,0,"Khadarel Hodge",DET,WR,4700.00,80286,159,-190,21.5,25,CIN,7B,WR,85306
509617,0,"Malik Turner",DAL,WR,4500.00,80292,156,-186,23.5,27,NEP,9B,WR,55088
523069,0,"Patrick Ricard",BAL,RB,4500.00,80293,-147,124,26.75,23.75,LAC,,,80299
748330,0,"Diontae Spencer",DEN,WR,4500.00,80288,-199,167,24,20,LVR,10B,WR,54817
926401,0,"Christian Wade",BUF,RB,4500.00,80295,199,-243,23.75,29.25,TEN,,,103352
962909,0,"Tristan Vizcaino",LAC,K,9000.00,80293,-147,124,26.75,23.75,BAL,13B,K,56715
963120,0,"Jakob Johnson",NEP,RB,4500.00,80292,156,-186,23.5,27,DAL,,,52409
972489,0,"Marquise Brown",BAL,WR,7000.00,80293,-147,124,26.75,23.75,LAC,6B,WR,86687
972533,0,"Ishmael Hyman",CAR,WR,4500.00,80289,117,-139,21.25,23.75,MIN,,,40148
972605,0,"T.J. Hockenson",DET,TE,6400.00,80286,159,-190,21.5,25,CIN,10B,TE,71706
972721,0,"N'Keal Harry",NEP,WR,5000.00,80292,156,-186,23.5,27,DAL,8B,WR,69168
972884,0,"Daniel Jones",NYG,QB,7200.00,80291,303,-387,20.25,28.25,LAR,1B,QB,63519
972934,0,"Dwayne Haskins",PIT,QB,6000.00,80297,-223,185,23.75,18.75,SEA,,,73183
973054,0,"Noah Fant",DEN,TE,5800.00,80288,-199,167,24,20,LVR,12B,TE,71705
973101,0,"Josh Jacobs",LVR,RB,6800.00,80288,-199,167,24,20,DEN,2B,RB,72731
973153,0,"Kyler Murray",ARI,QB,8400.00,80298,-162,137,25.75,22.75,CLE,1B,QB,63484
981965,0,"Justice Hill",BAL,RB,4500.00,80293,-147,124,26.75,23.75,LAC,,,71521
981967,0,"Trace McSorley",BAL,QB,6000.00,80293,-147,124,26.75,23.75,LAC,,,56286
981968,0,"Miles Boykin",BAL,WR,4500.00,80293,-147,124,26.75,23.75,LAC,9B,WR,64827
981990,0,"Trayveon Williams",CIN,RB,4500.00,80286,159,-190,21.5,25,DET,4B,RB,69860
981992,0,"Drew Sample",CIN,TE,4100.00,80286,159,-190,21.5,25,DET,11B,TE,56711
981994,0,"Jake Dolegala",GBP,QB,6000.00,80296,191,-236,19.25,25.25,CHI,,,104281
981995,0,"Stanley Morgan",CIN,WR,4500.00,80286,159,-190,21.5,25,DET,,,61072
982023,0,"David Blough",DET,QB,6000.00,80286,159,-190,21.5,25,CIN,,,52606
982024,0,"Stephen Carlson",CLE,TE,4000.00,80298,-162,137,25.75,22.75,ARI,,,104008
982025,0,"Austin Seibert",DET,K,8500.00,80286,159,-190,21.5,25,CIN,13B,K,60914
982050,0,"Matthew Wright",JAC,K,8500.00,80285,109,-128,22.75,24.25,MIA,14B,K,57330
982052,0,"Zach Gentry",PIT,TE,4200.00,80297,-223,185,23.75,18.75,SEA,13B,TE,64221
982054,0,"Benny Snell",PIT,RB,4600.00,80297,-223,185,23.75,18.75,SEA,3B,RB,70889
982055,0,"Diontae Johnson",PIT,WR,7400.00,80297,-223,185,23.75,18.75,SEA,6B,WR,66008
982082,0,"David Montgomery",CHI,RB,6500.00,80296,191,-236,19.25,25.25,GBP,,,73273
982083,0,"Kerrith Whyte",JAC,RB,5000.00,80285,109,-128,22.75,24.25,MIA,,,61379
982084,0,"Riley Ridley",CHI,WR,4500.00,80296,191,-236,19.25,25.25,GBP,,,69325
982107,0,"Donald Parham",LAC,TE,4900.00,80293,-147,124,26.75,23.75,BAL,11B,TE,104278
982108,0,"Nate Becker",BUF,TE,4000.00,80295,199,-243,23.75,29.25,TEN,,,55209
982109,0,"Isaac Nauta",GBP,TE,4000.00,80296,191,-236,19.25,25.25,CHI,,,69326
982110,0,"Travis Fulgham",PHI,WR,4500.00,80294,247,-305,22.75,29.75,TBB,,,57651
982141,0,"Jace Sternberger",WAS,TE,4000.00,80287,243,-301,23.75,30.25,KCC,,,62998
982144,0,"Dexter Williams",NYG,RB,4500.00,80291,303,-387,20.25,28.25,LAR,,,64835
982170,0,"Davion Davis",HOU,WR,4500.00,80290,-461,355,26.75,16.75,IND,,,103901
982171,0,"Brandon Dillon",MIN,TE,4000.00,80289,117,-139,21.25,23.75,CAR,,,103900
982172,0,"Jake Browning",CIN,QB,6000.00,80286,159,-190,21.5,25,DET,,,60840
982173,0,"Alexander Mattison",MIN,RB,7700.00,80289,117,-139,21.25,23.75,CAR,3B,RB,72776
982174,0,"Alexander Hollins",CLE,WR,4500.00,80298,-162,137,25.75,22.75,ARI,,,103902
982175,0,"Olabisi Johnson",MIN,WR,4500.00,80289,117,-139,21.25,23.75,CAR,,,61631
982176,0,"Irv Smith",MIN,TE,4000.00,80289,117,-139,21.25,23.75,CAR,,,72725
982177,0,"Khari Blasingame",TEN,RB,4500.00,80295,199,-243,23.75,29.25,BUF,4B,RB,56041
982200,0,"Tommy Sweeney",BUF,TE,4100.00,80295,199,-243,23.75,29.25,TEN,13B,TE,56212
982202,0,"Dawson Knox",BUF,TE,6700.00,80295,199,-243,23.75,29.25,TEN,12B,TE,64585
982203,0,"Devin Singletary",BUF,RB,5700.00,80295,199,-243,23.75,29.25,TEN,3B,RB,70603
982204,0,"David Sills",NYG,WR,4500.00,80291,303,-387,20.25,28.25,LAR,,,61555
982231,0,"Trenton Irwin",CIN,WR,4500.00,80286,159,-190,21.5,25,DET,,,64905
982232,0,"Preston Williams",MIA,WR,7000.00,80285,109,-128,22.75,24.25,JAC,,,62967
982233,0,"Myles Gaskin",MIA,RB,11000.00,80285,109,-128,22.75,24.25,JAC,2B,RB,60930
982257,0,"Jarrett Stidham",NEP,QB,6000.00,80292,156,-186,23.5,27,DAL,,,60947
982258,0,"Damien Harris",NEP,RB,6200.00,80292,156,-186,23.5,27,DAL,2B,RB,64576
982261,0,"Jakobi Meyers",NEP,WR,5800.00,80292,156,-186,23.5,27,DAL,5B,WR,63634
982262,0,"Andrew Beck",DEN,TE,4000.00,80288,-199,167,24,20,LVR,,,54426
982285,0,"Greg Dortch",ARI,WR,4500.00,80298,-162,137,25.75,22.75,CLE,,,69558
982316,0,"Kahale Warring",BUF,TE,4200.00,80295,199,-243,23.75,29.25,TEN,,,65839
982317,0,"Damarea Crockett",DEN,RB,4500.00,80288,-199,167,24,20,LVR,,,70868
982319,0,"Tyron Johnson",JAC,WR,5000.00,80285,109,-128,22.75,24.25,MIA,,,60705
982320,0,"Johnnie Dixon",DAL,WR,4500.00,80292,156,-186,23.5,27,NEP,,,52598
982321,0,"Cullen Gillaspia",NYG,RB,4500.00,80291,303,-387,20.25,28.25,LAR,,,56099
982342,0,"Parris Campbell",IND,WR,4900.00,80290,-461,355,26.75,16.75,HOU,7B,WR,56262
982345,0,"Penny Hart",SEA,WR,4800.00,80297,-223,185,23.75,18.75,PIT,8B,WR,63447
982346,0,"Ashton Dulin",IND,WR,4600.00,80290,-461,355,26.75,16.75,HOU,9B,WR,104012
982372,0,"Josh Oliver",BAL,TE,4200.00,80293,-147,124,26.75,23.75,LAC,14B,TE,63907
982376,0,"Michael Walker",PHI,WR,4500.00,80294,247,-305,22.75,29.75,TBB,,,64357
982379,0,"Gardner Minshew",PHI,QB,6000.00,80294,247,-305,22.75,29.75,TBB,,,61798
982382,0,"Carson Meier",MIA,TE,4000.00,80285,109,-128,22.75,24.25,JAC,,,52461
982405,0,"A.J. Brown",TEN,WR,6600.00,80295,199,-243,23.75,29.25,BUF,5B,WR,72846
982431,0,"Tony Pollard",DAL,RB,6000.00,80292,156,-186,23.5,27,NEP,3B,RB,63759
982432,0,"Mike Weber",NYG,RB,4500.00,80291,303,-387,20.25,28.25,LAR,,,63330
982456,0,"Darius Slayton",NYG,WR,5500.00,80291,303,-387,20.25,28.25,LAR,7B,WR,63819
982480,0,"Clayton Thorson",NYG,QB,6000.00,80291,303,-387,20.25,28.25,LAR,,,55148
982481,0,"Miles Sanders",PHI,RB,5600.00,80294,247,-305,22.75,29.75,TBB,2B,RB,71845
982482,0,"JJ Arcega-Whiteside",PHI,WR,4500.00,80294,247,-305,22.75,29.75,TBB,9B,WR,64907
982510,0,"Kelvin Harmon",WAS,WR,4500.00,80287,243,-301,23.75,30.25,KCC,,,71039
982511,0,"Terry McLaurin",WAS,WR,7400.00,80287,243,-301,23.75,30.25,KCC,5B,WR,56250
982570,0,"Terry Godwin",JAC,WR,5000.00,80285,109,-128,22.75,24.25,MIA,,,63399
982571,0,"Jordan Scarlett",MIA,RB,5000.00,80285,109,-128,22.75,24.25,JAC,,,63383
982572,0,"Elijah Holyfield",PHI,RB,4500.00,80294,247,-305,22.75,29.75,TBB,,,71355
982573,0,"Will Grier",DAL,QB,6000.00,80292,156,-186,23.5,27,NEP,,,52342
982598,0,"Alize Mack",DET,TE,4000.00,80286,159,-190,21.5,25,CIN,,,64833
982629,0,"Scotty Miller",TBB,WR,4800.00,80294,247,-305,22.75,29.75,PHI,,,61273
982630,0,"Anthony Johnson",PIT,WR,4500.00,80297,-223,185,23.75,18.75,SEA,,,72961
982631,0,"Matt Gay",LAR,K,9000.00,80291,303,-387,20.25,28.25,NYG,13B,K,87180
982633,0,"Malik Taylor",GBP,WR,4500.00,80296,191,-236,19.25,25.25,CHI,,,104289
982657,0,"Drew Lock",DEN,QB,6600.00,80288,-199,167,24,20,LVR,,,64051
982658,0,"Brett Rypien",DEN,QB,6000.00,80288,-199,167,24,20,LVR,,,61157
982662,0,"Trinity Benson",DET,WR,4600.00,80286,159,-190,21.5,25,CIN,8B,WR,103943
982663,0,"Austin Fort",TEN,TE,4000.00,80295,199,-243,23.75,29.25,BUF,,,54011
982664,0,"Juwann Winfree",GBP,WR,4500.00,80296,191,-236,19.25,25.25,CHI,10B,WR,56142
982692,0,"Darwin Thompson",TBB,RB,4500.00,80294,247,-305,22.75,29.75,PHI,,,94453
982694,0,"Mecole Hardman",KCC,WR,5500.00,80287,243,-301,23.75,30.25,WAS,7B,WR,71352
982696,0,"Cody Thompson",SEA,WR,4500.00,80297,-223,185,23.75,18.75,PIT,,,55414
982701,0,"Joe Fortson",KCC,TE,4900.00,80287,243,-301,23.75,30.25,WAS,13B,TE,104447
982702,0,"Kyle Shurmur",WAS,QB,6000.00,80287,243,-301,23.75,30.25,KCC,,,63611
982727,0,"Hunter Renfrow",LVR,WR,5700.00,80288,-199,167,24,20,DEN,8B,WR,57986
982728,0,"Foster Moreau",LVR,TE,4200.00,80288,-199,167,24,20,DEN,12B,TE,60712
982758,0,"Easton Stick",LAC,QB,6000.00,80293,-147,124,26.75,23.75,BAL,,,103824
982782,0,"Caleb Wilson",WAS,TE,4000.00,80287,243,-301,23.75,30.25,KCC,,,71767
982783,0,"KeeSean Johnson",PHI,WR,4500.00,80294,247,-305,22.75,29.75,TBB,,,57208
982784,0,"Hakeem Butler",PHI,WR,4500.00,80294,247,-305,22.75,29.75,TBB,,,64175
982786,0,"A.J. Richardson",ARI,WR,4500.00,80298,-162,137,25.75,22.75,CLE,,,54186
982789,0,"Andy Isabella",ARI,WR,4500.00,80298,-162,137,25.75,22.75,CLE,,,63419
982816,0,"Alex Bachman",NYG,WR,4500.00,80291,303,-387,20.25,28.25,LAR,,,64634
982818,0,"Kendall Blanton",LAR,TE,4000.00,80291,303,-387,20.25,28.25,NYG,,,55895
982820,0,"Nsimba Webster",CHI,WR,4500.00,80296,191,-236,19.25,25.25,GBP,,,103896
982822,0,"Darrell Henderson",LAR,RB,7300.00,80291,303,-387,20.25,28.25,NYG,2B,RB,70157
982844,0,"Kaden Smith",NYG,TE,4400.00,80291,303,-387,20.25,28.25,LAR,14B,TE,71806
982872,0,"Gary Jennings",IND,WR,4500.00,80290,-461,355,26.75,16.75,HOU,,,63061
982875,0,"Travis Homer",SEA,RB,5200.00,80297,-223,185,23.75,18.75,PIT,4B,RB,71444
982876,0,"John Ursua",SEA,WR,4500.00,80297,-223,185,23.75,18.75,PIT,,,65518
982879,0,"D.K. Metcalf",SEA,WR,7500.00,80297,-223,185,23.75,18.75,PIT,5B,WR,73048
1001210,0,"Antoine Wesley",ARI,WR,4500.00,80298,-162,137,25.75,22.75,CLE,9B,WR,72133
1001330,0,"Ian Bunting",DAL,TE,4000.00,80292,156,-186,23.5,27,NEP,,,55099
1001332,0,"Dax Raymond",PIT,TE,4000.00,80297,-223,185,23.75,18.75,SEA,,,65492
1001333,0,"Thomas Ives",CHI,WR,4500.00,80296,191,-236,19.25,25.25,GBP,,,103998
1001389,0,"Darrius Shepherd",KCC,WR,4500.00,80287,243,-301,23.75,30.25,WAS,,,104124
1001683,0,"Jalen Guyton",LAC,WR,4800.00,80293,-147,124,26.75,23.75,BAL,7B,WR,64843
1001684,0,"Jon'Vea Johnson",CHI,WR,4500.00,80296,191,-236,19.25,25.25,GBP,,,55417
1001738,0,"DeAndre Thompkins",GBP,WR,4500.00,80296,191,-236,19.25,25.25,CHI,,,52602
1001771,0,"Steven Sims",PIT,WR,4500.00,80297,-223,185,23.75,18.75,SEA,,,62994
1001990,0,"Alec Ingold",LVR,RB,4600.00,80288,-199,167,24,20,DEN,5B,RB,63717
1002018,0,"Matt Sokol",JAC,TE,5000.00,80285,109,-128,22.75,24.25,MIA,,,54239
1002022,0,"Jason Moore",LAC,WR,4500.00,80293,-147,124,26.75,23.75,BAL,,,104297
1018780,0,"Damion Willis",WAS,WR,4500.00,80287,243,-301,23.75,30.25,KCC,,,92168
1018781,0,"Ventell Bryant",CAR,WR,4500.00,80289,117,-139,21.25,23.75,MIN,,,56946
1018844,0,"Devlin Hodges",LAR,QB,6000.00,80291,303,-387,20.25,28.25,NYG,,,95893
1018875,0,"Jesper Horsted",CHI,TE,4300.00,80296,191,-236,19.25,25.25,GBP,11B,TE,104421
1018905,0,"Tom Kennedy",DET,WR,4500.00,80286,159,-190,21.5,25,CIN,9B,WR,104388
1018996,0,"Chase McLaughlin",CLE,K,9000.00,80298,-162,137,25.75,22.75,ARI,12B,K,60479
1019315,0,"Craig Reynolds",DET,RB,4500.00,80286,159,-190,21.5,25,CIN,,,104424
1019348,0,"Tony Brooks-James",PIT,RB,4500.00,80297,-223,185,23.75,18.75,SEA,,,55964
1055342,0,"Gunner Olszewski",NEP,WR,4500.00,80292,156,-186,23.5,27,DAL,9B,WR,104577
1104969,0,"Patrick Laird",MIA,RB,5000.00,80285,109,-128,22.75,24.25,JAC,,,55941
1104970,0,"Chris Myarick",NYG,TE,4000.00,80291,303,-387,20.25,28.25,LAR,,,56947
1247803,0,"D'Ernest Johnson",CLE,RB,4500.00,80298,-162,137,25.75,22.75,ARI,4B,RB,57543
1569879,0,"Reggie Begelton",GBP,WR,4500.00,80296,191,-236,19.25,25.25,CHI,,,130335
1657588,0,"Chris Streveler",ARI,QB,6000.00,80298,-162,137,25.75,22.75,CLE,,,38767
1844096,0,"Jaylon Moore",BAL,WR,4500.00,80293,-147,124,26.75,23.75,LAC,,,130350
1844097,0,"J.K. Dobbins",BAL,RB,4500.00,80293,-147,124,26.75,23.75,LAC,,,87787
1844098,0,"James Proche",BAL,WR,5000.00,80293,-147,124,26.75,23.75,LAC,10B,WR,63186
1844099,0,"Devin Duvernay",BAL,WR,5000.00,80293,-147,124,26.75,23.75,LAC,7B,WR,71032
1844101,0,"Ty'Son Williams",BAL,RB,5800.00,80293,-147,124,26.75,23.75,LAC,3B,RB,60977
1844102,0,"Eli Wolf",BAL,TE,4000.00,80293,-147,124,26.75,23.75,LAC,,,62981
1844104,0,"Michael Dereus",BAL,WR,4500.00,80293,-147,124,26.75,23.75,LAC,,,130345
1844124,0,"Scotty Washington",CIN,WR,4500.00,80286,159,-190,21.5,25,DET,,,64627
1844126,0,"Joe Burrow",CIN,QB,7400.00,80286,159,-190,21.5,25,DET,1B,QB,63336
1844128,0,"Tee Higgins",CIN,WR,6400.00,80286,159,-190,21.5,25,DET,6B,WR,89981
1844129,0,"Mitchell Wilcox",CIN,TE,4000.00,80286,159,-190,21.5,25,DET,12B,TE,65182
1844154,0,"Tony Brown",WAS,WR,4500.00,80287,243,-301,23.75,30.25,KCC,,,64252
1844156,0,"Harrison Bryant",CLE,TE,4300.00,80298,-162,137,25.75,22.75,ARI,11B,TE,70601
1844157,0,"Donovan Peoples-Jones",CLE,WR,5100.00,80298,-162,137,25.75,22.75,ARI,6B,WR,91426
1844160,0,"Ja'Marcus Bradley",CLE,WR,4600.00,80298,-162,137,25.75,22.75,ARI,,,64949
1844161,0,"Benny LeMay",IND,RB,4500.00,80290,-461,355,26.75,16.75,HOU,,,72718
1844185,0,"Chase Claypool",PIT,WR,6700.00,80297,-223,185,23.75,18.75,SEA,7B,WR,73111
1844186,0,"Anthony McFarland",PIT,RB,4500.00,80297,-223,185,23.75,18.75,SEA,,,88277
1844215,0,"Artavis Pierce",CHI,RB,4500.00,80296,191,-236,19.25,25.25,GBP,,,71578
1844217,0,"Cole Kmet",CHI,TE,4700.00,80296,191,-236,19.25,25.25,GBP,9B,TE,91047
1844218,0,"Darnell Mooney",CHI,WR,5600.00,80296,191,-236,19.25,25.25,GBP,5B,WR,69777
1844242,0,"Jason Huntley",PHI,RB,4500.00,80294,247,-305,22.75,29.75,TBB,,,70206
1844244,0,"D'Andre Swift",DET,RB,7100.00,80286,159,-190,21.5,25,CIN,2B,RB,91598
1844245,0,"Quintez Cephus",DET,WR,5300.00,80286,159,-190,21.5,25,CIN,,,71957
1844246,0,"Hunter Bryant",DET,TE,4000.00,80286,159,-190,21.5,25,CIN,,,86770
1844270,0,"Jalen Morton",IND,QB,6000.00,80290,-461,355,26.75,16.75,HOU,,,130334
1844272,0,"Patrick Taylor",GBP,RB,4500.00,80296,191,-236,19.25,25.25,CHI,,,72627
1844274,0,"AJ Dillon",GBP,RB,5400.00,80296,191,-236,19.25,25.25,CHI,3B,RB,93107
1844275,0,"Josiah Deguara",GBP,TE,4100.00,80296,191,-236,19.25,25.25,CHI,13B,TE,61112
1844276,0,"Jordan Love",GBP,QB,6000.00,80296,191,-236,19.25,25.25,CHI,,,69017
1844302,0,"Nate Stanley",MIN,QB,6000.00,80289,117,-139,21.25,23.75,CAR,,,71710
1844303,0,"Nakia Griffin-Stewart",NYG,TE,4000.00,80291,303,-387,20.25,28.25,LAR,,,64762
1844304,0,"K.J. Osborn",MIN,WR,5000.00,80289,117,-139,21.25,23.75,CAR,7B,WR,63855
1844305,0,"Quartney Davis",IND,WR,4500.00,80290,-461,355,26.75,16.75,HOU,,,71414
1844306,0,"Justin Jefferson",MIN,WR,7900.00,80289,117,-139,21.25,23.75,CAR,5B,WR,85671
1844330,0,"Gabriel Davis",BUF,WR,4700.00,80295,199,-243,23.75,29.25,TEN,9B,WR,94534
1844331,0,"Jake Fromm",BUF,QB,6000.00,80295,199,-243,23.75,29.25,TEN,,,91639
1844332,0,"Isaiah Hodgins",BUF,WR,4500.00,80295,199,-243,23.75,29.25,TEN,,,93055
1844333,0,"Zack Moss",BUF,RB,6200.00,80295,199,-243,23.75,29.25,TEN,2B,RB,70027
1844334,0,"Antonio Williams",BUF,RB,4500.00,80295,199,-243,23.75,29.25,TEN,,,68694
1844335,0,"Reggie Gilliam",BUF,TE,4000.00,80295,199,-243,23.75,29.25,TEN,4B,RB,70426
1844362,0,"Malcolm Perry",NEP,WR,4500.00,80292,156,-186,23.5,27,DAL,,,71974
1844363,0,"Tua Tagovailoa",MIA,QB,15000.00,80285,109,-128,22.75,24.25,JAC,1B,QB,90572
1844365,0,"Matt Cole",CAR,WR,4500.00,80289,117,-139,21.25,23.75,MIN,,,130279
1844366,0,"Kirk Merritt",MIA,WR,5000.00,80285,109,-128,22.75,24.25,JAC,9B,WR,63576
1844396,0,"Dalton Keene",NEP,TE,4000.00,80292,156,-186,23.5,27,DAL,,,85994
1844398,0,"J.J. Taylor",NEP,RB,4800.00,80292,156,-186,23.5,27,DAL,,,72370
1844399,0,"Brian Lewerke",NYG,QB,6000.00,80291,303,-387,20.25,28.25,LAR,,,64637
1844403,0,"Devin Asiasi",NEP,TE,4100.00,80292,156,-186,23.5,27,DAL,,,73089
1844429,0,"James Morgan",CAR,QB,6000.00,80289,117,-139,21.25,23.75,MIN,,,61276
1844430,0,"Lawrence Cager",CLE,WR,4500.00,80298,-162,137,25.75,22.75,ARI,,,63646
1844458,0,"Isaiah Coulter",CHI,WR,4500.00,80296,191,-236,19.25,25.25,GBP,,,130274
1844461,0,"Tyler Simmons",PIT,WR,4500.00,80297,-223,185,23.75,18.75,SEA,,,71360
1844462,0,"Scottie Phillips",HOU,RB,4500.00,80290,-461,355,26.75,16.75,IND,,,88590
1844484,0,"Rodrigo Blankenship",IND,K,9000.00,80290,-461,355,26.75,16.75,HOU,,,63791
1844485,0,"Jonathan Taylor",IND,RB,7500.00,80290,-461,355,26.75,16.75,HOU,2B,RB,89675
1844486,0,"De'Michael Harris",IND,WR,4500.00,80290,-461,355,26.75,16.75,HOU,,,89384
1844487,0,"Jacob Eason",IND,QB,6200.00,80290,-461,355,26.75,16.75,HOU,,,69333
1844488,0,"Dezmon Patmon",IND,WR,4500.00,80290,-461,355,26.75,16.75,HOU,,,69383
1844489,0,"Michael Pittman",IND,WR,5800.00,80290,-461,355,26.75,16.75,HOU,5B,WR,69213
1844490,0,"Farrod Green",IND,TE,4000.00,80290,-461,355,26.75,16.75,HOU,,,64603
1844520,0,"Collin Johnson",NYG,WR,4900.00,80291,303,-387,20.25,28.25,LAR,9B,WR,69836
1844521,0,"Tyler Davis",GBP,TE,4000.00,80296,191,-236,19.25,25.25,CHI,,,61172
1844522,0,"Laviska Shenault",JAC,WR,10000.00,80285,109,-128,22.75,24.25,MIA,6B,WR,87859
1844523,0,"Jake Luton",SEA,QB,6000.00,80297,-223,185,23.75,18.75,PIT,,,52929
1844548,0,"Kristian Wilkerson",NEP,WR,4500.00,80292,156,-186,23.5,27,DAL,,,130275
1844549,0,"Tommy Hudson",TEN,TE,4200.00,80295,199,-243,23.75,29.25,BUF,,,60791
1844550,0,"Darrynton Evans",TEN,RB,4500.00,80295,199,-243,23.75,29.25,BUF,,,70383
1844553,0,"Mason Kinsey",TEN,WR,4500.00,80295,199,-243,23.75,29.25,BUF,,,130276
1844554,0,"Cameron Scarlett",SEA,RB,4500.00,80297,-223,185,23.75,18.75,PIT,,,64901
1844577,0,"Darius Anderson",IND,RB,4500.00,80290,-461,355,26.75,16.75,HOU,,,69884
1844578,0,"CeeDee Lamb",DAL,WR,7000.00,80292,156,-186,23.5,27,NEP,5B,WR,86631
1844579,0,"Stephen Guidry",DAL,WR,4500.00,80292,156,-186,23.5,27,NEP,,,91214
1844580,0,"Sean McKeon",DAL,TE,4000.00,80292,156,-186,23.5,27,NEP,,,68730
1844581,0,"Charlie Taumoepeau",DET,TE,4000.00,80286,159,-190,21.5,25,CIN,,,95999
1844582,0,"Aaron Parker",CAR,WR,4500.00,80289,117,-139,21.25,23.75,MIN,,,130320
1844583,0,"Rico Dowdle",DAL,RB,4500.00,80292,156,-186,23.5,27,NEP,,,72297
1844584,0,"Sewo Olonilua",DAL,RB,4500.00,80292,156,-186,23.5,27,NEP,,,69894
1844585,0,"Ben DiNucci",DAL,QB,6000.00,80292,156,-186,23.5,27,NEP,,,63469
1844607,0,"Binjimen Victor",BAL,WR,4500.00,80293,-147,124,26.75,23.75,LAC,,,73180
1844608,0,"Rysen John",NYG,WR,4500.00,80291,303,-387,20.25,28.25,LAR,,,130338
1844609,0,"Javon Leake",DET,RB,4500.00,80286,159,-190,21.5,25,CIN,,,88317
1844610,0,"Austin Mack",NYG,WR,4500.00,80291,303,-387,20.25,28.25,LAR,,,68685
1844611,0,"Kyle Markway",CLE,TE,4000.00,80298,-162,137,25.75,22.75,ARI,,,64023
1844612,0,"Case Cookus",LVR,QB,6000.00,80288,-199,167,24,20,DEN,,,130337
1844613,0,"Derrick Dillon",NYG,WR,4500.00,80291,303,-387,20.25,28.25,LAR,,,60704
1844641,0,"John Hightower",PHI,WR,4500.00,80294,247,-305,22.75,29.75,TBB,,,86472
1844642,0,"Quez Watkins",PHI,WR,5000.00,80294,247,-305,22.75,29.75,TBB,6B,WR,73687
1844643,0,"Jalen Reagor",PHI,WR,5400.00,80294,247,-305,22.75,29.75,TBB,7B,WR,94625
1844644,0,"Michael Warren",DET,RB,4500.00,80286,159,-190,21.5,25,CIN,,,86295
1844646,0,"Jalen Hurts",PHI,QB,8300.00,80294,247,-305,22.75,29.75,TBB,1B,QB,69531
1844647,0,"Adrian Killins",DEN,RB,4500.00,80288,-199,167,24,20,LVR,,,72693
1844649,0,"Noah Togiai",PHI,TE,4000.00,80294,247,-305,22.75,29.75,TBB,12B,TE,64864
1844672,0,"Isaiah Wright",WAS,WR,4500.00,80287,243,-301,23.75,30.25,KCC,,,72669
1844674,0,"Antonio Gandy-Golden",WAS,WR,4600.00,80287,243,-301,23.75,30.25,KCC,10B,WR,94262
1844675,0,"Thaddeus Moss",CIN,TE,4000.00,80286,159,-190,21.5,25,DET,,,71048
1844676,0,"Antonio Gibson",WAS,RB,6700.00,80287,243,-301,23.75,30.25,KCC,2B,RB,90933
1844677,0,"Steven Montez",DET,QB,6000.00,80286,159,-190,21.5,25,CIN,,,64115
1844711,0,"Jared Pinkney",DET,WR,4500.00,80286,159,-190,21.5,25,CIN,,,63603
1844714,0,"Mikey Daniel",CAR,RB,4500.00,80289,117,-139,21.25,23.75,MIN,,,130318
1844740,0,"Cam Sutton",SEA,TE,4000.00,80297,-223,185,23.75,18.75,PIT,,,91945
1844741,0,"Omar Bayless",CAR,WR,4500.00,80289,117,-139,21.25,23.75,MIN,,,62891
1844742,0,"Rodney Smith",CAR,RB,4700.00,80289,117,-139,21.25,23.75,MIN,,,52591
1844743,0,"Giovanni Ricci",CAR,TE,4000.00,80289,117,-139,21.25,23.75,MIN,,,65477
1844772,0,"Tommy Stevens",NYG,QB,6000.00,80291,303,-387,20.25,28.25,LAR,,,61982
1844801,0,"Travis Jonsen",TBB,QB,6000.00,80294,247,-305,22.75,29.75,PHI,,,62566
1844802,0,"John Hurst",TBB,WR,4500.00,80294,247,-305,22.75,29.75,PHI,,,130265
1844803,0,"Ke'Shawn Vaughn",TBB,RB,4500.00,80294,247,-305,22.75,29.75,PHI,5B,RB,63078
1844804,0,"Raymond Calais",LAR,RB,4500.00,80291,303,-387,20.25,28.25,NYG,,,72091
1844805,0,"Tyler Johnson",TBB,WR,4900.00,80294,247,-305,22.75,29.75,PHI,9B,WR,68712
1844806,0,"Josh Pearson",TBB,WR,4500.00,80294,247,-305,22.75,29.75,PHI,,,130268
1844807,0,"Reid Sinnett",MIA,QB,12500.00,80285,109,-128,22.75,24.25,JAC,,,130269
1844831,0,"LeVante Bellamy",DEN,RB,4500.00,80288,-199,167,24,20,LVR,,,64962
1844832,0,"KJ Hamler",DEN,WR,4500.00,80288,-199,167,24,20,LVR,,,86192
1844833,0,"Jerry Jeudy",DEN,WR,5000.00,80288,-199,167,24,20,LVR,,,90561
1844834,0,"Tyrie Cleveland",DEN,WR,4500.00,80288,-199,167,24,20,LVR,11B,WR,71372
1844836,0,"Kendall Hinton",DEN,QB,6000.00,80288,-199,167,24,20,LVR,7B,WR,61042
1844837,0,"Albert Okwuegbunam",DEN,TE,4600.00,80288,-199,167,24,20,LVR,,,70859
1844865,0,"Clyde Edwards-Helaire",KCC,RB,6700.00,80287,243,-301,23.75,30.25,WAS,,,85741
1848516,0,"Josh Hammond",JAC,WR,5000.00,80285,109,-128,22.75,24.25,MIA,,,69310
1848517,0,"Ben Ellefson",MIN,TE,4000.00,80289,117,-139,21.25,23.75,CAR,,,130286
1848519,0,"James Robinson",JAC,RB,14500.00,80285,109,-128,22.75,24.25,MIA,2B,RB,130288
1849698,0,"Henry Ruggs",LVR,WR,5500.00,80288,-199,167,24,20,DEN,6B,WR,90537
1849699,0,"Lynn Bowden Jr.",MIA,WR,5000.00,80285,109,-128,22.75,24.25,JAC,,,87122
1849700,0,"Bryan Edwards",LVR,WR,5400.00,80288,-199,167,24,20,DEN,7B,WR,69276
1849725,0,"Justin Herbert",LAC,QB,8000.00,80293,-147,124,26.75,23.75,BAL,1B,QB,69189
1849726,0,"Joshua Kelley",LAC,RB,4600.00,80293,-147,124,26.75,23.75,BAL,3B,RB,91872
1849727,0,"K.J. Hill",LAC,WR,4600.00,80293,-147,124,26.75,23.75,BAL,9B,WR,63319
1849728,0,"Joe Reed",LAC,WR,4500.00,80293,-147,124,26.75,23.75,BAL,,,71821
1849753,0,"Jonathan Ward",ARI,RB,4500.00,80298,-162,137,25.75,22.75,CLE,4B,RB,69068
1849756,0,"Eno Benjamin",ARI,RB,4500.00,80298,-162,137,25.75,22.75,CLE,,,85762
1849778,0,"Brycen Hopkins",LAR,TE,4000.00,80291,303,-387,20.25,28.25,NYG,,,63697
1849781,0,"Trishton Jackson",MIN,WR,4500.00,80289,117,-139,21.25,23.75,CAR,,,72493
1849783,0,"Van Jefferson",LAR,WR,5400.00,80291,303,-387,20.25,28.25,NYG,7B,WR,64581
1849788,0,"J.J. Koski",LAR,WR,4500.00,80291,303,-387,20.25,28.25,NYG,,,130309
1849789,0,"Bryce Perkins",LAR,QB,6000.00,80291,303,-387,20.25,28.25,NYG,,,60787
1849790,0,"Cam Akers",LAR,RB,4500.00,80291,303,-387,20.25,28.25,NYG,,,89230
1849791,0,"Xavier Jones",LAR,RB,4500.00,80291,303,-387,20.25,28.25,NYG,,,63201
1849808,0,"Salvon Ahmed",MIA,RB,6500.00,80285,109,-128,22.75,24.25,JAC,3B,RB,86780
1849812,0,"Chris Finke",KCC,WR,4500.00,80287,243,-301,23.75,30.25,WAS,,,64828
1849838,0,"Freddie Swain",SEA,WR,5200.00,80297,-223,185,23.75,18.75,PIT,7B,WR,69303
1849840,0,"Anthony Gordon",KCC,QB,6000.00,80287,243,-301,23.75,30.25,WAS,,,71798
1849841,0,"Tyler Mabry",SEA,TE,4000.00,80297,-223,185,23.75,18.75,PIT,13B,TE,63839
1849842,0,"Dominick Wood-Anderson",SEA,TE,4000.00,80297,-223,185,23.75,18.75,PIT,,,87422
1849843,0,"DeeJay Dallas",SEA,RB,4900.00,80297,-223,185,23.75,18.75,PIT,3B,RB,94087
1849844,0,"Stephen Sullivan",CAR,WR,4500.00,80289,117,-139,21.25,23.75,MIN,,,69655
1849846,0,"Colby Parkinson",SEA,TE,4100.00,80297,-223,185,23.75,18.75,PIT,12B,TE,89588
2184520,0,"Tyler Huntley",BAL,QB,6100.00,80293,-147,124,26.75,23.75,LAC,,,70051
2184715,0,"Jake Bargas",MIN,TE,4000.00,80289,117,-139,21.25,23.75,CAR,,,60984
2184716,0,"Dan Chisena",MIN,WR,4500.00,80289,117,-139,21.25,23.75,CAR,9B,WR,64405
2184799,0,"Paul Quessenberry",HOU,TE,4000.00,80290,-461,355,26.75,16.75,IND,,,46644
2184800,0,"Andre Baccellia",ARI,WR,4500.00,80298,-162,137,25.75,22.75,CLE,,,60838
2184893,0,"Dominique Dafney",GBP,TE,4000.00,80296,191,-236,19.25,25.25,CHI,,,86178
2184924,0,"Nathan Cottrell",JAC,RB,4500.00,80285,109,-128,22.75,24.25,MIA,,,63025
2184953,0,"Nick Westbrook-Ikhine",TEN,WR,5200.00,80295,199,-243,23.75,29.25,BUF,7B,WR,64389
2185008,0,"Tavien Feaster",ARI,RB,4500.00,80298,-162,137,25.75,22.75,CLE,,,70019
2185009,0,"Sandro Platzgummer",NYG,RB,4500.00,80291,303,-387,20.25,28.25,LAR,,,130336
2185208,0,"Cody White",PIT,WR,4500.00,80297,-223,185,23.75,18.75,SEA,10B,WR,92890
2185236,0,"Kalija Lipscomb",TEN,WR,4500.00,80295,199,-243,23.75,29.25,BUF,,,71280
2185237,0,"Maurice Ffrench",LAC,WR,4500.00,80293,-147,124,26.75,23.75,BAL,,,71477
2185264,0,"Nick Bowers",LVR,TE,4000.00,80288,-199,167,24,20,DEN,13B,TE,64408
2185291,0,"Darius Bradwell",LAC,QB,6000.00,80293,-147,124,26.75,23.75,BAL,,,69769
2185292,0,"Jeff Cotton",JAC,WR,5000.00,80285,109,-128,22.75,24.25,MIA,,,130343
2185293,0,"Gabe Nabers",LAC,RB,4500.00,80293,-147,124,26.75,23.75,BAL,,,72382
2185294,0,"Dalton Schoen",WAS,WR,4500.00,80287,243,-301,23.75,30.25,KCC,,,63554
2185400,0,"Aaron Fuller",SEA,WR,4500.00,80297,-223,185,23.75,18.75,PIT,,,71756
2205639,0,"Dominik Eberle",CAR,K,5000.00,80289,117,-139,21.25,23.75,MIN,,,65493
2216284,0,"Jamal Agnew",JAC,WR,6500.00,80285,109,-128,22.75,24.25,MIA,7B,WR,79979
2291848,0,"Pete Guerriero",PIT,RB,4500.00,80297,-223,185,23.75,18.75,SEA,,,139438
2451492,0,"Connor Davis",CLE,TE,4000.00,80298,-162,137,25.75,22.75,ARI,,,138552
2595531,0,"Chris Blair",GBP,WR,4500.00,80296,191,-236,19.25,25.25,CHI,,,147168
2612547,0,"Hunter Thedford",DET,TE,4000.00,80286,159,-190,21.5,25,CIN,,,63189
2783361,0,"Darius Clark",CAR,RB,4500.00,80289,117,-139,21.25,23.75,MIN,,,147899
2801804,0,"Kai Locksley",MIA,WR,4500.00,80285,109,-128,22.75,24.25,JAC,,,64718
2814574,0,"Mathew Sexton",PIT,WR,4500.00,80297,-223,185,23.75,18.75,SEA,,,69056
2815052,0,"Micah Simon",CAR,WR,4500.00,80289,117,-139,21.25,23.75,MIN,,,64973
2850104,0,"Sammis Reyes",WAS,TE,4000.00,80287,243,-301,23.75,30.25,KCC,13B,TE,59455
2850286,0,"Carson Williams",LVR,TE,4000.00,80288,-199,167,24,20,DEN,,,97672
2850332,0,"Darece Roberson",SEA,WR,4500.00,80297,-223,185,23.75,18.75,PIT,,,148546
2861518,0,"Tylan Wallace",BAL,WR,4500.00,80293,-147,124,26.75,23.75,LAC,11B,WR,87515
2861519,0,"Ben Mason",NEP,RB,4500.00,80292,156,-186,23.5,27,DAL,,,91431
2861520,0,"Tony Poljan",BAL,TE,4000.00,80293,-147,124,26.75,23.75,LAC,,,69069
2861521,0,"Rashod Bateman",BAL,WR,5000.00,80293,-147,124,26.75,23.75,LAC,8B,WR,85845
2861546,0,"Pooka Williams",CIN,RB,4500.00,80286,159,-190,21.5,25,DET,,,94993
2861547,0,"Pro Wells",CIN,TE,4000.00,80286,159,-190,21.5,25,DET,,,94609
2861548,0,"Evan McPherson",CIN,K,9000.00,80286,159,-190,21.5,25,DET,13B,K,86092
2861549,0,"Riley Lees",CIN,WR,4500.00,80286,159,-190,21.5,25,DET,,,71120
2861550,0,"Chris Evans",CIN,RB,4600.00,80286,159,-190,21.5,25,DET,3B,RB,73130
2861551,0,"Ja'Marr Chase",CIN,WR,7800.00,80286,159,-190,21.5,25,DET,5B,WR,85701
2861572,0,"Demetric Felton",CLE,RB/WR,4600.00,80298,-162,137,25.75,22.75,ARI,3B,RB,70282
2861573,0,"Anthony Schwartz",CLE,WR,4700.00,80298,-162,137,25.75,22.75,ARI,8B,WR,87662
2861601,0,"Pat Freiermuth",PIT,TE,4500.00,80297,-223,185,23.75,18.75,SEA,11B,TE,86244
2861602,0,"Najee Harris",PIT,RB,8500.00,80297,-223,185,23.75,18.75,SEA,2B,RB,90575
2861604,0,"Isaiah McKoy",PIT,WR,4500.00,80297,-223,185,23.75,18.75,SEA,,,95031
2861605,0,"Rico Bussey",PIT,WR,4500.00,80297,-223,185,23.75,18.75,SEA,,,71917
2861631,0,"Dazz Newsome",CHI,WR,4500.00,80296,191,-236,19.25,25.25,GBP,,,93577
2861632,0,"Khalil Herbert",CHI,RB,5500.00,80296,191,-236,19.25,25.25,GBP,2B,RB,72412
2861633,0,"CJ Marable",CHI,RB,4500.00,80296,191,-236,19.25,25.25,GBP,,,68835
2861634,0,"Scooter Harrington",CHI,TE,4000.00,80296,191,-236,19.25,25.25,GBP,,,71673
2861635,0,"Justin Fields",CHI,QB,6400.00,80296,191,-236,19.25,25.25,GBP,1B,QB,91591
2861659,0,"Amon-Ra St. Brown",DET,WR,5200.00,80286,159,-190,21.5,25,CIN,6B,WR,86997
2861661,0,"Javon McKinley",DET,WR,4500.00,80286,159,-190,21.5,25,CIN,,,73116
2861662,0,"Brock Wright",DET,TE,4000.00,80286,159,-190,21.5,25,CIN,,,91046
2861663,0,"Dedrick Mills",DET,RB,4500.00,80286,159,-190,21.5,25,CIN,,,69646
2861664,0,"Jonathan Adams",DET,WR,4500.00,80286,159,-190,21.5,25,CIN,,,89342
2861665,0,"Sage Surratt",DET,WR,4500.00,80286,159,-190,21.5,25,CIN,,,87617
2861666,0,"Jermar Jefferson",DET,RB,4500.00,80286,159,-190,21.5,25,CIN,,,93023
2861689,0,"Kylin Hill",GBP,RB,4700.00,80296,191,-236,19.25,25.25,CHI,4B,RB,91225
2861690,0,"Bailey Gaither",GBP,WR,4500.00,80296,191,-236,19.25,25.25,CHI,,,63919
2861691,0,"Amari Rodgers",GBP,WR,4600.00,80296,191,-236,19.25,25.25,CHI,9B,WR,89970
2861720,0,"Ihmir Smith-Marsette",MIN,WR,4500.00,80289,117,-139,21.25,23.75,CAR,,,86113
2861721,0,"Kene Nwangwu",MIN,RB,4500.00,80289,117,-139,21.25,23.75,CAR,,,73247
2861722,0,"Kellen Mond",MIN,QB,6000.00,80289,117,-139,21.25,23.75,CAR,,,94797
2861723,0,"Myron Mitchell",MIN,WR,4500.00,80289,117,-139,21.25,23.75,CAR,,,104041
2861724,0,"Whop Philyor",MIN,WR,4500.00,80289,117,-139,21.25,23.75,CAR,,,88830
2861726,0,"Blake Proehl",MIN,WR,4500.00,80289,117,-139,21.25,23.75,CAR,,,91504
2861727,0,"Zach Davidson",MIN,TE,4000.00,80289,117,-139,21.25,23.75,CAR,,,149708
2861749,0,"Tre Walker",BUF,WR,4500.00,80295,199,-243,23.75,29.25,TEN,,,90777
2861750,0,"Marquez Stevenson",BUF,WR,4500.00,80295,199,-243,23.75,29.25,TEN,,,71228
2861751,0,"Quintin Morris",BUF,TE,4000.00,80295,199,-243,23.75,29.25,TEN,,,90123
2861778,0,"Jaylen Waddle",MIA,WR,10500.00,80285,109,-128,22.75,24.25,JAC,5B,WR,90573
2861779,0,"Gerrid Doaks",MIA,RB,4500.00,80285,109,-128,22.75,24.25,JAC,,,68901
2861780,0,"Hunter Long",MIA,TE,5000.00,80285,109,-128,22.75,24.25,JAC,,,93075
2861781,0,"Carl Tucker",MIA,RB,4500.00,80285,109,-128,22.75,24.25,JAC,,,60978
2861809,0,"Mac Jones",NEP,QB,6500.00,80292,156,-186,23.5,27,DAL,1B,QB,90584
2861810,0,"Rhamondre Stevenson",NEP,RB,5100.00,80292,156,-186,23.5,27,DAL,4B,RB,111540
2861811,0,"Tre Nixon",NEP,WR,4500.00,80292,156,-186,23.5,27,DAL,,,73046
2861871,0,"Damon Hazelton",HOU,WR,4500.00,80290,-461,355,26.75,16.75,IND,,,72235
2861872,0,"Davis Mills",HOU,QB,6700.00,80290,-461,355,26.75,16.75,IND,1B,QB,89628
2861873,0,"Brevin Jordan",HOU,TE,4000.00,80290,-461,355,26.75,16.75,IND,,,94094
2861874,0,"Nico Collins",HOU,WR,4600.00,80290,-461,355,26.75,16.75,IND,9B,WR,91419
2861901,0,"Deon Jackson",IND,RB,4500.00,80290,-461,355,26.75,16.75,HOU,,,93134
2861902,0,"Sam Ehlinger",IND,QB,6000.00,80290,-461,355,26.75,16.75,HOU,,,92560
2861903,0,"Tarik Black",IND,WR,4500.00,80290,-461,355,26.75,16.75,HOU,,,91428
2861904,0,"Kylen Granson",IND,TE,4100.00,80290,-461,355,26.75,16.75,HOU,13B,TE,71143
2861905,0,"Tyler Vaughns",PIT,WR,4500.00,80297,-223,185,23.75,18.75,SEA,,,70662
2861906,0,"Mike Strachan",IND,WR,4700.00,80290,-461,355,26.75,16.75,HOU,10B,WR,149710
2861935,0,"Josh Imatorbhebhe",JAC,WR,4500.00,80285,109,-128,22.75,24.25,MIA,,,69215
2861936,0,"Luke Farrell",JAC,TE,5500.00,80285,109,-128,22.75,24.25,MIA,13B,TE,73176
2861937,0,"Travis Etienne",JAC,RB,4500.00,80285,109,-128,22.75,24.25,MIA,,,89956
2861938,0,"Jalen Camp",HOU,WR,4500.00,80290,-461,355,26.75,16.75,IND,,,70680
2861939,0,"Trevor Lawrence",JAC,QB,16000.00,80285,109,-128,22.75,24.25,MIA,1B,QB,89951
2861940,0,"Tim Jones",JAC,WR,4500.00,80285,109,-128,22.75,24.25,MIA,,,89437
2861972,0,"Tory Carter",TEN,RB,4500.00,80295,199,-243,23.75,29.25,BUF,,,85714
2861973,0,"Racey McMath",TEN,WR,4500.00,80295,199,-243,23.75,29.25,BUF,,,85731
2861975,0,"Miller Forristall",CLE,TE,4000.00,80298,-162,137,25.75,22.75,ARI,,,69516
2861977,0,"Dez Fitzpatrick",TEN,WR,4500.00,80295,199,-243,23.75,29.25,BUF,,,71723
2862004,0,"Brenden Knox",DAL,RB,4500.00,80292,156,-186,23.5,27,NEP,,,88213
2862005,0,"Nick Eubanks",PHI,TE,4000.00,80294,247,-305,22.75,29.75,TBB,,,73147
2862006,0,"Osirus Mitchell",DAL,WR,4500.00,80292,156,-186,23.5,27,NEP,,,71382
2862007,0,"Simi Fehoko",DAL,WR,4500.00,80292,156,-186,23.5,27,NEP,,,89613
2862008,0,"T.J. Vasher",DAL,WR,4500.00,80292,156,-186,23.5,27,NEP,,,72135
2862009,0,"JaQuan Hardy",DAL,RB,4500.00,80292,156,-186,23.5,27,NEP,,,149717
2862010,0,"Brennan Eagles",DAL,WR,4500.00,80292,156,-186,23.5,27,NEP,,,92552
2862011,0,"Artayvious Lynn",DAL,TE,4000.00,80292,156,-186,23.5,27,NEP,,,69898
2862012,0,"Nick Ralston",DAL,TE,4000.00,80292,156,-186,23.5,27,NEP,,,60788
2862013,0,"Brandon Smith",DAL,WR,4500.00,80292,156,-186,23.5,27,NEP,,,86125
2862035,0,"Gary Brightwell",NYG,RB,4900.00,80291,303,-387,20.25,28.25,LAR,4B,RB,88109
2862036,0,"Kadarius Toney",NYG,WR,6000.00,80291,303,-387,20.25,28.25,LAR,5B,WR,86052
2862067,0,"Jack Stoll",PHI,TE,4000.00,80294,247,-305,22.75,29.75,TBB,11B,TE,69451
2862069,0,"DeVonta Smith",PHI,WR,6100.00,80294,247,-305,22.75,29.75,TBB,5B,WR,90576
2862070,0,"Jhamon Ausbon",PHI,WR,4500.00,80294,247,-305,22.75,29.75,TBB,,,94850
2862071,0,"Trevon Grimes",PHI,WR,4500.00,80294,247,-305,22.75,29.75,TBB,,,86078
2862072,0,"Kenneth Gainwell",PHI,RB,5500.00,80294,247,-305,22.75,29.75,TBB,3B,RB,90912
2862095,0,"Dyami Brown",WAS,WR,4600.00,80287,243,-301,23.75,30.25,KCC,7B,WR,93538
2862096,0,"John Bates",WAS,TE,4000.00,80287,243,-301,23.75,30.25,KCC,12B,TE,72705
2862097,0,"Jaret Patterson",WAS,RB,4500.00,80287,243,-301,23.75,30.25,KCC,4B,RB,88699
2862098,0,"Dax Milne",WAS,WR,4500.00,80287,243,-301,23.75,30.25,KCC,9B,WR,90408
2862129,0,"Javian Hawkins",LAR,RB,4500.00,80291,303,-387,20.25,28.25,NYG,,,92932
2862160,0,"Spencer Brown",CAR,RB,4500.00,80289,117,-139,21.25,23.75,MIN,4B,RB,89785
2862161,0,"Shi Smith",CAR,WR,4500.00,80289,117,-139,21.25,23.75,MIN,,,91677
2862162,0,"Mason Stokke",CAR,RB,4500.00,80289,117,-139,21.25,23.75,MIN,,,71955
2862163,0,"Chuba Hubbard",CAR,RB,6900.00,80289,117,-139,21.25,23.75,MIN,2B,RB,87467
2862164,0,"Terrace Marshall",CAR,WR,4900.00,80289,117,-139,21.25,23.75,MIN,7B,WR,85672
2862165,0,"Tommy Tremble",CAR,TE,4800.00,80289,117,-139,21.25,23.75,MIN,11B,TE,91101
2862218,0,"Kyle Trask",TBB,QB,6000.00,80294,247,-305,22.75,29.75,PHI,,,69304
2862219,0,"T.J. Simmons",TBB,WR,4500.00,80294,247,-305,22.75,29.75,PHI,,,69518
2862221,0,"Jaelon Darden",TBB,WR,4500.00,80294,247,-305,22.75,29.75,PHI,,,92093
2862245,0,"Javonte Williams",DEN,RB,5600.00,80288,-199,167,24,20,LVR,3B,RB,93541
2862246,0,"Seth Williams",DEN,WR,4500.00,80288,-199,167,24,20,LVR,,,87657
2862274,0,"Cornell Powell",KCC,WR,4500.00,80287,243,-301,23.75,30.25,WAS,,,70023
2862275,0,"Noah Gray",KCC,TE,4000.00,80287,243,-301,23.75,30.25,WAS,14B,TE,93143
2862276,0,"Shane Buechele",KCC,QB,6000.00,80287,243,-301,23.75,30.25,WAS,,,69833
2862308,0,"DJ Turner",LVR,WR,4500.00,80288,-199,167,24,20,DEN,,,71662
2862309,0,"Garrett Groshek",LVR,RB,4500.00,80288,-199,167,24,20,DEN,,,71962
2862310,0,"Matt Bushman",LVR,TE,4000.00,80288,-199,167,24,20,DEN,,,90398
2862311,0,"Trey Ragas",LVR,RB,4500.00,80288,-199,167,24,20,DEN,,,72103
2862312,0,"Dillon Stoner",LVR,WR,4500.00,80288,-199,167,24,20,DEN,,,71519
2862337,0,"Larry Rountree III",LAC,RB,5000.00,80293,-147,124,26.75,23.75,BAL,,,94936
2862338,0,"Tre' McKitty",LAC,TE,4000.00,80293,-147,124,26.75,23.75,BAL,,,89283
2862340,0,"Josh Palmer",LAC,WR,4700.00,80293,-147,124,26.75,23.75,BAL,8B,WR,87418
2862341,0,"Eli Stove",LAC,WR,4500.00,80293,-147,124,26.75,23.75,BAL,,,70645
2862342,0,"Hunter Kampmoyer",LAC,TE,4000.00,80293,-147,124,26.75,23.75,BAL,,,69173
2862365,0,"Bruno Labelle",ARI,TE,4000.00,80298,-162,137,25.75,22.75,CLE,,,68895
2862366,0,"Rondale Moore",ARI,WR,5700.00,80298,-162,137,25.75,22.75,CLE,8B,WR,93408
2862367,0,"Cary Angeline",PHI,TE,4000.00,80294,247,-305,22.75,29.75,TBB,,,70658
2862398,0,"Ben Skowronek",LAR,WR,4500.00,80291,303,-387,20.25,28.25,NYG,9B,WR,71105
2862399,0,"Tutu Atwell",LAR,WR,4600.00,80291,303,-387,20.25,28.25,NYG,,,92976
2862400,0,"Jeremiah Haydel",LAR,WR,4500.00,80291,303,-387,20.25,28.25,NYG,,,91305
2862401,0,"Jake Funk",LAR,RB,4700.00,80291,303,-387,20.25,28.25,NYG,4B,RB,70133
2862402,0,"Jacob Harris",LAR,TE,4000.00,80291,303,-387,20.25,28.25,NYG,12B,TE,65607
2862403,0,"Landen Akers",LAR,WR,4500.00,80291,303,-387,20.25,28.25,NYG,,,69343
2862461,0,"D'Wayne Eskridge",SEA,WR,4700.00,80297,-223,185,23.75,18.75,PIT,,,72182
2862462,0,"Cade Johnson",SEA,WR,4500.00,80297,-223,185,23.75,18.75,PIT,,,150090
2862463,0,"Tamorrion Terry",SEA,WR,4500.00,80297,-223,185,23.75,18.75,PIT,,,89287
2873510,0,"Tre Harbison",CLE,RB,4500.00,80298,-162,137,25.75,22.75,ARI,,,69577
2873657,0,"Shane Zylstra",DET,TE,4000.00,80286,159,-190,21.5,25,CIN,12B,TE,149832
2873715,0,"Jibri Blount",MIA,TE,4000.00,80285,109,-128,22.75,24.25,JAC,,,66857
2873747,0,"Quinn Nordin",NEP,K,5000.00,80292,156,-186,23.5,27,DAL,,,73081
2874178,0,"Devontres Dukes",DEN,WR,4500.00,80288,-199,167,24,20,LVR,,,73406
2874179,0,"Shaun Beyer",DEN,TE,4000.00,80288,-199,167,24,20,LVR,,,71697
2874180,0,"Branden Mack",DEN,WR,4500.00,80288,-199,167,24,20,LVR,,,72552
2874181,0,"Warren Jackson",MIN,WR,4500.00,80289,117,-139,21.25,23.75,CAR,,,91783
2874299,0,"Bernhard Seikovits",ARI,TE,4000.00,80298,-162,137,25.75,22.75,CLE,,,149727
2874388,0,"Nick Guggemos",WAS,TE,4000.00,80287,243,-301,23.75,30.25,KCC,,,149827
2885157,0,"Donte Sylencieux",BAL,WR,4500.00,80293,-147,124,26.75,23.75,LAC,,,149743
2885185,0,"Cheyenne O'Grady",CIN,TE,4000.00,80286,159,-190,21.5,25,DET,,,64088
2885276,0,"Khalil McClain",MIA,WR,4500.00,80285,109,-128,22.75,24.25,JAC,,,104429
2886099,0,"Josh Johnson",SEA,RB,4500.00,80297,-223,185,23.75,18.75,PIT,,,96798
2897254,0,"Kenji Bahar",BAL,QB,6000.00,80293,-147,124,26.75,23.75,LAC,,,149889
2897255,0,"Nate McCrary",BAL,RB,4500.00,80293,-147,124,26.75,23.75,LAC,,,149742
2897405,0,"Jake Hausmann",NYG,TE,4000.00,80291,303,-387,20.25,28.25,LAR,,,73172
2922072,0,"C.J. Saunders",CAR,WR,4500.00,80289,117,-139,21.25,23.75,MIN,,,68686
2934590,0,"Travis Toivonen",SEA,WR,4500.00,80297,-223,185,23.75,18.75,PIT,,,96714
2946513,0,"Matt Seybert",LAC,TE,4000.00,80293,-147,124,26.75,23.75,BAL,,,63841
2946514,0,"Michael Bandy",LAC,WR,4500.00,80293,-147,124,26.75,23.75,BAL,,,154661
2958583,0,"Otis Anderson",LAR,RB,4500.00,80291,303,-387,20.25,28.25,NYG,,,94567
2986373,0,"Mekhi Sargent",TEN,RB,4600.00,80295,199,-243,23.75,29.25,BUF,,,86173
3010085,0,"Kalif Jackson",MIA,TE,4000.00,80285,109,-128,22.75,24.25,JAC,,,60699
3010086,0,"Sal Cannella",MIA,TE,4000.00,80285,109,-128,22.75,24.25,JAC,,,87690
3017096,0,"Corey Taylor",CLE,RB,4500.00,80298,-162,137,25.75,22.75,ARI,,,71920
3017219,0,"Daniel Crawford",GBP,TE,4000.00,80296,191,-236,19.25,25.25,CHI,,,65318
3023834,0,"Siaosi Mariner",BAL,WR,4500.00,80293,-147,124,26.75,23.75,LAC,,,65798
3024236,0,"Graham Adomitis",IND,TE,4000.00,80290,-461,355,26.75,16.75,HOU,,,158851
3024711,0,"Aleva Hifo",ARI,WR,4500.00,80298,-162,137,25.75,22.75,CLE,,,72981

